번호,위치,위도,경도,관리기관,전화번호
1,안지랑역 2번출구,35.839076,128.573687,대구광역시 남구청,053-664-3018
2,성당못역 3번출구 서부정류장 앞,35.837044,128.557307,대구광역시 남구청,053-664-3018
3,성당못역 3번출구 동남편,35.8367855,128.5577515,대구광역시 남구청,053-664-3018
4,대명역 3번출구,35.8389521,128.5653048,대구광역시 남구청,053-664-3018
5,현충로역 4번출구,35.841139,128.581123,대구광역시 남구청,053-664-3018
6,현충로역 3번출구,35.8405658,128.5812962,대구광역시 남구청,053-664-3018
7,현충로역 2번출구,35.840315,128.5808162,대구광역시 남구청,053-664-3018
8,현충로역 1번출구,35.8407324,128.5804107,대구광역시 남구청,053-664-3018
9,영대병원역 2번출구,35.844325,128.588708,대구광역시 남구청,053-664-3018
10,영대병원역 3번출구,35.844766,128.588744,대구광역시 남구청,053-664-3018
11,대명역 4번출구,35.839566,128.565496,대구광역시 남구청,053-664-3018
12,안지랑역 4번출구,35.839513,128.574512,대구광역시 남구청,053-664-3018
13,안지랑역 1번출구,35.8396648,128.5737281,대구광역시 남구청,053-664-3018
14,안지랑역 3번출구 (정관장 앞),35.838936,128.5744147,대구광역시 남구청,053-664-3018
15,교대역 1번출구,35.850754,128.5903344,대구광역시 남구청,053-664-3018
16,교대역 2번 출구,35.850739,128.590777,대구광역시 남구청,053-664-3018
17,교대역 3번출구(성토마스성당앞),35.851167,128.590785,대구광역시 남구청,053-664-3018
18,대구교대 입구 우측편,35.853071,128.590341,대구광역시 남구청,053-664-3018
19,대구교대 입구 좌측편,35.8524011,128.590379,대구광역시 남구청,053-664-3018
20,새마을금고 대명3동 지점 앞,35.8587641,128.5766802,대구광역시 남구청,053-664-3018
21,명덕네거리 배달한의원 앞,35.856501,128.5932107,대구광역시 남구청,053-664-3018
22,성당못네거리 성주막창 앞,35.8383292,128.5583832,대구광역시 남구청,053-664-3018
23,국민은행 봉덕동 지점 앞,35.845134,128.5987106,대구광역시 남구청,053-664-3018
24,대명3동 행정복지센터,35.8523781,128.5791382,대구광역시 남구청,053-664-3018
25,NH농협은행 봉덕지점 앞,35.844714,128.604116,대구광역시 남구청,053-664-3018
26,이천동 주민센터 옆,35.8537053,128.599415,대구광역시 남구청,053-664-3018
27,대명9동 주민센터 옆,35.837231,128.5790384,대구광역시 남구청,053-664-3018
28,다문화가정지원센터,35.8417075,128.598279,대구광역시 남구청,053-664-3018
29,남구청 청사내,35.845792,128.5977724,대구광역시 남구청,053-664-3018
30,대명5동 주민센터,35.8432344,128.587828,대구광역시 남구청,053-664-3018
31,대명2동 주민센터,35.8552846,128.586457,대구광역시 남구청,053-664-3018
32,대명10동 주민센터,35.84002858,128.5689557,대구광역시 남구청,053-664-3018
33,충혼탑 주차장 주변,35.832923,128.585007,대구광역시 남구청,053-664-3018
34,영남불교대학 앞,35.8440849,128.5908376,대구광역시 남구청,053-664-3018
35,성당시장 공영주차장 옆,35.8495281,128.5736995,대구광역시 남구청,053-664-3018
36,고산골 입구 상동교 근처,35.8338982,128.604992,대구광역시 남구청,053-664-3018
37,고산골 공영주차장 앞,35.8300041,128.603449,대구광역시 남구청,053-664-3018
38,고산골 등산로 입구,35.826033,128.602996,대구광역시 남구청,053-664-3018
39,고산골 맨발산책로 입구,35.832498,128.597372,대구광역시 남구청,053-664-3018
40,상동교 하부(좌측 신천둔지),35.834761,128.605523,대구광역시 남구청,053-664-3018
41,상동교 아래(우측 신천둔지),35.834761,128.605523,대구광역시 남구청,053-664-3018
42,중동교 하단,35.841285,128.606826,대구광역시 남구청,053-664-3018
43,희망교 하단,35.847437,128.606208,대구광역시 남구청,053-664-3018
44,앞산힐스테이트 옆,35.840746,128.600294,대구광역시 남구청,053-664-3018
45,앞산힐스테이트 맞은편,35.841138,128.6021112,대구광역시 남구청,053-664-3018
46,봉덕로 카페봉덕 앞,35.845324,128.5955971,대구광역시 남구청,053-664-3018
47,봉덕로 오늘아침잡은 소 앞,35.845233,128.594609,대구광역시 남구청,053-664-3018
48,남구보건소 앞,35.8538161,128.5918331,대구광역시 남구청,053-664-3018
49,명덕역 하단,35.856761,128.590163,대구광역시 남구청,053-664-3018
50,건들바위역 하단,35.855224,128.599781,대구광역시 남구청,053-664-3018
51,대봉교역 하단,35.854789,128.6063206,대구광역시 남구청,053-664-3018
52,대명1동 주민센터,35.8417305,128.5735803,대구광역시 남구청,053-664-3018
53,남구국민체육센터,35.83308885,128.600181,대구광역시 남구청,053-664-3018
54,봉덕시장 공연장,35.84557987,128.6030706,대구광역시 남구청,053-664-3018
55,만촌네거리 glass story 앞,35.85927393,128.6458188,대구광역시 수성구청,053-666-2911
56,만촌역 4번 출구(환기구 사이),35.85927393,128.6458188,대구광역시 수성구청,053-666-2911
57,만촌역 1번 출구,35.85929051,128.6444128,대구광역시 수성구청,053-666-2911
58,만촌역 1번 출구(필라 입구),35.85937288,128.644181,대구광역시 수성구청,053-666-2911
59,범어4동주민센터 건너 버스정류장,35.85931004,128.6424532,대구광역시 수성구청,053-666-2911
60,수성구청역 1번 출구 뒤,35.85923005,128.6354771,대구광역시 수성구청,053-666-2911
61,수성구청역 1번 출구 앞,35.85917738,128.635211,대구광역시 수성구청,053-666-2911
62,"동대구농협마트 옆(참스런한우, 수성구청역1번출구)",35.85916082,128.634934,대구광역시 수성구청,053-666-2911
63,범어도서관,35.513349,128.375131,대구광역시 수성구청,053-666-2911
64,범어역 11번 출구 옆,35.513367,128.373659,대구광역시 수성구청,053-666-2911
65,범어역 4번 출구 앞,35.85976135,128.6252839,대구광역시 수성구청,053-666-2911
66,범어역 4번 출구 뒤(1번 출구 뒤),35.85964661,128.6248179,대구광역시 수성구청,053-666-2911
67,신천시장 버스정류장 남쪽,35.86492585,128.6183486,대구광역시 수성구청,053-666-2911
68,청운신협 본점 앞(1),35.86705163,128.6186087,대구광역시 수성구청,053-666-2911
69,청운신협 본점 앞(2),35.86705163,128.6186087,대구광역시 수성구청,053-666-2911
70,범어3동 행정복지센터 앞 들안로 인도,35.86637949,128.6178616,대구광역시 수성구청,053-666-2911
71,수성태영데시앙상가 건너(능금농협),35.86340582,128.6177277,대구광역시 수성구청,053-666-2911
72,스타벅스 수성네거리DT점 건너,35.86067629,128.6174408,대구광역시 수성구청,053-666-2911
73,동일초등학교앞 정류장 주변,35.85817316,128.6169452,대구광역시 수성구청,053-666-2911
74,동일초등학교앞 정류장 주변,35.85817316,128.6169452,대구광역시 수성구청,053-666-2911
75,수성시장 옆(맘스터치),35.85472134,128.6168963,대구광역시 수성구청,053-666-2911
76,수성시장네거리(덕산커피숍),35.85462249,128.6168402,대구광역시 수성구청,053-666-2911
77,무궁화어린이공원입구 버스정류장 북쪽,35.8524874,128.6166354,대구광역시 수성구청,053-666-2911
78,국립대구박물관건너 버스정류장,35.84554114,128.6401519,대구광역시 수성구청,053-666-2911
79,범어목련아파트 상가 앞,35.84808672,128.6394288,대구광역시 수성구청,053-666-2911
80,동도중학교 입구,35.84942833,128.6396831,대구광역시 수성구청,053-666-2911
81,장원맨션 상가 앞,35.851007,128.6394301,대구광역시 수성구청,053-666-2911
82,우방청솔맨션건너 버스정류장,35.85468554,128.6392161,대구광역시 수성구청,053-666-2911
83,선스포츠프라자(제일은행 옆),35.85060767,128.6382534,대구광역시 수성구청,053-666-2911
84,국립대구박물관 버스정류장,35.84557779,128.6383458,대구광역시 수성구청,053-666-2911
85,경북고 건너(횡단보도 옆),35.84434156,128.6386127,대구광역시 수성구청,053-666-2911
86,경북고 건너(농협은행대구성동지점),35.84391854,128.6384986,대구광역시 수성구청,053-666-2911
87,황금1동 행정복지센터 내,35.84398352,128.6381448,대구광역시 수성구청,053-666-2911
88,만촌2동 행정복지센터 옆,35.8598612,128.6472298,대구광역시 수성구청,053-666-2911
89,만촌태왕리더스 버스정류장 옆,35.514815,128.385581,대구광역시 수성구청,053-666-2911
90,대구스타디움 기념관 광장 입구(대구FC주주동산),35.494671,128.411018,대구광역시 수성구청,053-666-2911
91,시지고교 남쪽 인도,35.494622,128.422603,대구광역시 수성구청,053-666-2911
92,청림초등학교 건너(육교계단 주변),35.83488164,128.7054581,대구광역시 수성구청,053-666-2911
93,신매동 락앤락 앞,35.83921814,128.7052641,대구광역시 수성구청,053-666-2911
94,고산3동 행정복지센터 옆,35.8441316,128.7065808,대구광역시 수성구청,053-666-2911
95,청림초등학교 앞(육교 밑),35.500654,128.7033769,대구광역시 수성구청,053-666-2911
96,고산3동 신협 앞,35.84335702,128.7095406,대구광역시 수성구청,053-666-2911
97,고산농협 매호점 앞,35.84349235,128.423016,대구광역시 수성구청,053-666-2911
98,형제봉 등산로 입구(만촌동 산160),35.86950287,128.6608956,대구광역시 수성구청,053-666-2911
99,망우공원 영남제일관 입구 광장,35.8747721,128.6566094,대구광역시 수성구청,053-666-2911
100,고산건강생활센터,35.83699223,128.7128266,대구광역시 수성구청,053-666-2911
101,신매2공영주차장 건너편(피자헛),35.502203,128.422318,대구광역시 수성구청,053-666-2911
102,신매광장(공영주차장 사이),35.502125,128.422562,대구광역시 수성구청,053-666-2911
103,신매2공영주차장 앞,35.502214,128.422171,대구광역시 수성구청,053-666-2911
104,대구은행 노변동지점,35.83954746,128.6951718,대구광역시 수성구청,053-666-2911
105,동부중학교 앞 버스정류장,35.87251398,128.6442065,대구광역시 수성구청,053-666-2911
106,범어천로 지성학원 앞,35.85994505,128.6228937,대구광역시 수성구청,053-666-2911
107,범어삼환나우빌 102동 앞(범어천로),35.514487,128.371868,대구광역시 수성구청,053-666-2911
108,범어1동 행정복지센터 내,35.85553294,128.6220509,대구광역시 수성구청,053-666-2911
109,청운신협 청구성조지점 앞,35.86629021,128.6229213,대구광역시 수성구청,053-666-2911
110,건강보험공단 앞,35.86037369,128.6236611,대구광역시 수성구청,053-666-2911
111,수성대림 이편한세상상가 앞,35.86452897,128.6149018,대구광역시 수성구청,053-666-2911
112,샘터교회 앞(수성대림e편한세상 담),35.86608638,128.6152682,대구광역시 수성구청,053-666-2911
113,대구동중학교 입구(우),35.85819625,128.6159575,대구광역시 수성구청,053-666-2911
114,대구동중학교 입구(좌),35.85819625,128.6159575,대구광역시 수성구청,053-666-2911
115,메트로2단지 버스정류장,35.86862166,128.635508,대구광역시 수성구청,053-666-2911
116,희망교 밑,35.84709723,128.607859,대구광역시 수성구청,053-666-2911
117,수성1가 행정복지센터 내,35.85512442,128.610345,대구광역시 수성구청,053-666-2911
118,수성4가 신천동로 체육공원 내(횡단보도 건너),35.86591339,128.6173597,대구광역시 수성구청,053-666-2911
119,범어시민체육공원 계단 옆(MBC방향좌측),35.86608028,128.6320328,대구광역시 수성구청,053-666-2911
120,수성도서관 입구,35.87231031,128.6401664,대구광역시 수성구청,053-666-2911
121,대구환경시설공단(지하주차장 입구),35.494634,128.371525,대구광역시 수성구청,053-666-2911
122,두산동 행정복지센터,35.494664,128.371411,대구광역시 수성구청,053-666-2911
123,황금2동 행정복지센터,35.502945,128.373131,대구광역시 수성구청,053-666-2911
124,고산2동 행정복지센터,35.503561,128.414269,대구광역시 수성구청,053-666-2911
125,두산동 행정복지센터,35.494664,128.371411,대구광역시 수성구청,053-666-2912
126,황금2동 행정복지센터,35.502945,128.373131,대구광역시 수성구청,053-666-2912
127,고산2동 행정복지센터,35.503561,128.414269,대구광역시 수성구청,053-666-2912
128,범어역 1번 출구 앞(우리은행),35.85955925,128.6242858,대구광역시 수성구청,053-666-2911
129,범어역 1번 출구 정류장(하나은행),35.85974309,128.6218624,대구광역시 수성구청,053-666-2911
130,대구은행역 4번 출구,35.8602211,128.6148131,대구광역시 수성구청,053-666-2911
131,대구은행역 1번 출구,35.86009215,128.6135942,대구광역시 수성구청,053-666-2911
132,만촌네거리 롯데리아 앞,35.513027,128.6462806,대구광역시 수성구청,053-666-2911
133,"담티역 엘리베이터 뒤(2, 3번 출구 사이)",35.85451739,128.6536852,대구광역시 수성구청,053-666-2911
134,담티역 3번 출구,35.85460522,128.6541066,대구광역시 수성구청,053-666-2911
135,대륜고 앞,35.85167944,128.6567617,대구광역시 수성구청,053-666-2911
136,연호역 3번 출구 옆,35.84659654,128.6713105,대구광역시 수성구청,053-666-2911
137,연호역 3번 출구(범안로방향 환기구 옆),35.84659654,128.6713105,대구광역시 수성구청,053-666-2911
138,대공원역 2번 출구 앞,35.84259985,128.6799886,대구광역시 수성구청,053-666-2911
139,대공원역 3번 출구,35.84218288,128.6804057,대구광역시 수성구청,053-666-2911
140,대공원역 4번 출구 옆,35.84177875,128.6801476,대구광역시 수성구청,053-666-2911
141,대공원역 4번 출구 뒤(엘리베이터 옆),35.84177875,128.6801476,대구광역시 수성구청,053-666-2911
142,대공원역 5번 출구 옆,35.84218288,128.6804057,대구광역시 수성구청,053-666-2911
143,대공원역 1번 출구 뒤,35.84296756,128.6803128,대구광역시 수성구청,053-666-2911
144,연호역 4번 출구,35.84678563,128.6729505,대구광역시 수성구청,053-666-2911
145,담티역 4번 출구 앞,35.85500281,128.6539217,대구광역시 수성구청,053-666-2911
146,담티역 1번 출구 앞,35.85500281,128.6539217,대구광역시 수성구청,053-666-2911
147,고산역 3번 출구 뒤,35.84266647,128.6935386,대구광역시 수성구청,053-666-2911
148,고산역 3번 출구 앞,35.84265586,128.6938153,대구광역시 수성구청,053-666-2911
149,고산역 3번 출구 푸른마트 앞,35.84269874,128.694192,대구광역시 수성구청,053-666-2911
150,달구벌신협 시지지점 앞,35.503374,128.414453,대구광역시 수성구청,053-666-2911
151,시지교 월드컵 탁구클럽,35.84231034,128.6974431,대구광역시 수성구청,053-666-2911
152,경북아파트 버스정류장,35.8420686,128.698714,대구광역시 수성구청,053-666-2911
153,대구농업마이스터고 입구 옆,35.8405309,128.7042684,대구광역시 수성구청,053-666-2911
154,신매역 2번 출구 앞,35.502688,128.421567,대구광역시 수성구청,053-666-2911
155,신매역 5번 출구 앞,35.84022496,128.7057158,대구광역시 수성구청,053-666-2911
156,성삼병원 응급실 입구 옆,35.84022496,128.7057158,대구광역시 수성구청,053-666-2911
157,국민은행 시지점 앞(올리브영 앞),35.502292,128.422778,대구광역시 수성구청,053-666-2911
158,매호네거리 학원가(웰메이드 시지점),35.83899826,128.7089261,대구광역시 수성구청,053-666-2911
159,고산도서관,35.501758,128.423904,대구광역시 수성구청,053-666-2911
160,"수성2,3가동 행정복지센터 입구 병원앞(더좋은병원)",35.85461399,128.6184897,대구광역시 수성구청,053-666-2911
161,"수성2,3가동 행정복지센터 내",35.85476452,128.6190113,대구광역시 수성구청,053-666-2911
162,"중앙고등학교앞 정류장 주변(옆, 뒤)",35.86777334,128.6167319,대구광역시 수성구청,053-666-2911
163,청구고등학교건너 버스정류장(성조타운),35.86629021,128.6229213,대구광역시 수성구청,053-666-2911
164,동원초등학교 정문 앞,35.8648669,128.6398849,대구광역시 수성구청,053-666-2911
165,수성누리빌 데시앙 입구(경인개발),35.515806,128.383228,대구광역시 수성구청,053-666-2911
166,만촌1동 행정복지센터,35.86627549,128.382392,대구광역시 수성구청,053-666-2911
167,차량등록사업소 옆(국채보상로),35.871692,128.601092,대구광역시 수성구청,053-666-2911
168,동대구농협 상동지점 앞,35.500784,128.364272,대구광역시 수성구청,053-666-2911
169,수성구보건소 건너(맘스터치),35.84452944,128.6129758,대구광역시 수성구청,053-666-2911
170,석경사우나 앞,35.504311,128.364616,대구광역시 수성구청,053-666-2911
171,대구은행 중동지점 앞,35.84750268,128.613198,대구광역시 수성구청,053-666-2911
172,수성중동병원 앞,35.84940349,128.6133898,대구광역시 수성구청,053-666-2911
173,신세계골프 앞,35.505595,128.364791,대구광역시 수성구청,053-666-2911
174,동성초동성초등학교 후문 횡단보도 건너,35.511098,128.364883,대구광역시 수성구청,053-666-2911
175,대구은행 본점 옆,35.859346,128.6149724,대구광역시 수성구청,053-666-2911
176,대구은행 본점 옆,35.859346,128.6149724,대구광역시 수성구청,053-666-2911
177,수성하이츠 건너(공원 옆),35.86064443,128.6148718,대구광역시 수성구청,053-666-2911
178,대구은행역 2번 출구 남쪽(MASS COFFEE 앞),35.85932475,128.6138429,대구광역시 수성구청,053-666-2911
179,수성1가 MG새마을금고 앞,35.513021,128.364965,대구광역시 수성구청,053-666-2911
180,유성푸르나임 105동 상가 앞(고기마트),35.85792306,128.364963,대구광역시 수성구청,053-666-2911
181,대구시교육청건너 정류장(수성성당),35.85650508,128.6135554,대구광역시 수성구청,053-666-2911
182,수성성당 앞(문화관),35.85650508,128.6135554,대구광역시 수성구청,053-666-2911
183,동성초등학교 정문 옆(나라동물병원),35.85182076,128.6130542,대구광역시 수성구청,053-666-2911
184,삼승교회(수성1가동) 앞,35.84959684,128.6125942,대구광역시 수성구청,053-666-2911
185,삼승교회 남쪽 50m(265YO 앞),35.505653,128.6128123,대구광역시 수성구청,053-666-2911
186,수성구보건소,35.504049,128.364472,대구광역시 수성구청,053-666-2911
187,효성병원 건너(아가방갤러리),35.84326258,128.6121912,대구광역시 수성구청,053-666-2911
188,상동시장네거리(T world 앞),35.83490222,128.6114184,대구광역시 수성구청,053-666-2911
189,수성시장네거리(수성시장건너),35.85448364,128.6175477,대구광역시 수성구청,053-666-2911
190,태영데시앙 서쪽입구 옆,35.514357,128.370471,대구광역시 수성구청,053-666-2911
191,수성태영데시앙상가 앞(버스정류장),35.8625116,128.6180973,대구광역시 수성구청,053-666-2911
192,신매동 시지제일약국,35.8380104,128.7113636,대구광역시 수성구청,053-666-2911
193,사월역 2번 출구 옆,35.83671006,128.7148054,대구광역시 수성구청,053-666-2911
194,사월역 2번 출구 뒤,35.83671006,128.7148054,대구광역시 수성구청,053-666-2911
195,사월역 엘리베이터 뒤(3번 출구 방향),35.83636118,128.715876,대구광역시 수성구청,053-666-2911
196,사월역 3번 출구 뒤,35.83636118,128.715876,대구광역시 수성구청,053-666-2911
197,사월역 1번 출구 뒤,35.83733726,128.7154309,대구광역시 수성구청,053-666-2911
198,사월보성2차 버스정류장 옆,35.83830224,128.7123071,대구광역시 수성구청,053-666-2911
199,신매광장건너 버스정류장(시지기업은행 앞),35.84084855,128.7069611,대구광역시 수성구청,053-666-2911
200,신매역 6번 출구(성삼병원 건너),35.8410092,128.7057007,대구광역시 수성구청,053-666-2911
201,신매역 6번 출구 옆(엘리베이터 옆),35.84289273,128.7057395,대구광역시 수성구청,053-666-2911
202,신매역 1번 출구,35.84132233,128.7045633,대구광역시 수성구청,053-666-2911
203,매호동 알파학원 앞(공중전화),35.84146662,128.7030148,대구광역시 수성구청,053-666-2911
204,대구농업마이스터고건너 정류장(동쪽),35.84146662,128.7030148,대구광역시 수성구청,053-666-2911
205,대구농업마이스터고건너 정류장(서쪽),35.84146662,128.7030148,대구광역시 수성구청,053-666-2911
206,삼성전자서비스노변센터 건너(횡단보도 서쪽),35.84146662,128.7030148,대구광역시 수성구청,053-666-2911
207,경북아파트건너 버스정류장,35.84244152,128.6996804,대구광역시 수성구청,053-666-2911
208,고산역 4번 출구 앞,35.8439576,128.6931514,대구광역시 수성구청,053-666-2911
209,고산역 4번 출구 뒤,35.8439576,128.6931514,대구광역시 수성구청,053-666-2911
210,고산역 1번 출구 뒤,35.8439576,128.6931514,대구광역시 수성구청,053-666-2911
211,TBC방송국 건너,35.83230375,128.6224447,대구광역시 수성구청,053-666-2911
212,황금네거리 남동쪽 인도(지산1동),35.502236,128.372796,대구광역시 수성구청,053-666-2911
213,대구과학고 정류장(어린이회관삼거리),35.84522342,128.6252027,대구광역시 수성구청,053-666-2911
214,어린이회관 버스정류장(주차장 앞),35.84709781,128.6252728,대구광역시 수성구청,053-666-2911
215,궁전맨션 입구 옆 인도,35.85387093,128.6262007,대구광역시 수성구청,053-666-2911
216,그랜드호텔건너 버스정류장,35.85678525,128.6273419,대구광역시 수성구청,053-666-2911
217,애플타워 앞,35.85811206,128.6252598,대구광역시 수성구청,053-666-2911
218,그랜드호텔 버스정류장 옆,35.85707558,128.6252517,대구광역시 수성구청,053-666-2911
219,어린이회관역 전자랜드 앞,35.504517,128.372756,대구광역시 수성구청,053-666-2911
220,SK리더스뷰 모서리 인도(횡단보도 옆),35.502266,128.372536,대구광역시 수성구청,053-666-2911
221,범물2동 행정복지센터(건물 뒤 주차장),35.490246,128.383635,대구광역시 수성구청,053-666-2911
222,용지네거리 편의점(GS25),35.81779828,128.6452054,대구광역시 수성구청,053-666-2911
223,범물1동 행정복지센터 옆(범물치안센터 주차장 앞),35.490482,128.384621,대구광역시 수성구청,053-666-2911
224,범물1동주민센터건너 버스정류장(용지아파트307동 앞),35.490641,128.384586,대구광역시 수성구청,053-666-2911
225,용지역 1번 출구 계단 하부,35.490639,128.384766,대구광역시 수성구청,053-666-2911
226,동아백화점 수성점 버스정류장,35.82106901,128.6403625,대구광역시 수성구청,053-666-2911
227,동아백화점 수성점 정문 앞,35.82106901,128.6403625,대구광역시 수성구청,053-666-2911
228,범물역 1번 출구 앞(동아백화점 서쪽 용학로),35.491618,128.382374,대구광역시 수성구청,053-666-2911
229,"범물역 2,3번 출구(계단 하부 및 3번출구 앞)",35.82052111,128.6400039,대구광역시 수성구청,053-666-2911
230,지산역 하부(계단하부 포함),35.493037,128.375452,대구광역시 수성구청,053-666-2911
231,지산역 1번 출구 앞 공원(교통섬),35.493135,128.375303,대구광역시 수성구청,053-666-2911
232,수성못역 입구(교통섬),35.495436,128.372453,대구광역시 수성구청,053-666-2911
233,황금역 입구(교통섬),35.83918861,128.372692,대구광역시 수성구청,053-666-2911
234,어린이회관역 입구 및 계단하부(교통섬),35.84508204,128.372928,대구광역시 수성구청,053-666-2911
235,수성구민운동장역 하부(교통섬),35.85244278,128.373037,대구광역시 수성구청,053-666-2911
236,수성시장역 4번 출구 앞,35.85449642,128.616817,대구광역시 수성구청,053-666-2911
237,수성시장역 2번 출구 하부,35.85412158,128.6160945,대구광역시 수성구청,053-666-2911
238,"수성시장역 3번 출구 앞, 뒤",35.85410385,128.370011,대구광역시 수성구청,053-666-2911
239,지산중학교 버스정류장 뒤(화성어린이공원 앞),35.82542662,128.6293523,대구광역시 수성구청,053-666-2911
240,범물네거리 모아약국 앞,35.82167848,128.639316,대구광역시 수성구청,053-666-2911
241,지산 알파학원 앞,35.82202374,128.6387987,대구광역시 수성구청,053-666-2911
242,지산동 학원(아발론),35.822369,128.6382813,대구광역시 수성구청,053-666-2911
243,에덴공원 내 게이트볼장 옆,35.82156181,128.6324204,대구광역시 수성구청,053-666-2911
244,중동시장 건너(다모아파크골프),35.84077081,128.6094599,대구광역시 수성구청,053-666-2911
245,SK리더스뷰 북쪽인도(청수로),35.502288,128.772448,대구광역시 수성구청,053-666-2911
246,캐슬골드파크 상가,35.84144875,128.633431,대구광역시 수성구청,053-666-2911
247,중동시장 버스정류장 옆,35.84120242,128.6096625,대구광역시 수성구청,053-666-2911
248,한가람코아 앞,35.85440401,128.6102177,대구광역시 수성구청,053-666-2911
249,웰메이드 수성점(한가람타운 동쪽),35.8543218,128.6121989,대구광역시 수성구청,053-666-2911
250,약산한의원(동성초네거리),35.85432612,128.6131178,대구광역시 수성구청,053-666-2911
251,2MS STORY 앞(동성학교네거리 동쪽),35.85425759,128.6141802,대구광역시 수성구청,053-666-2911
252,수성롯데캐슬건너 버스정류장 동쪽,35.85373908,128.620354,대구광역시 수성구청,053-666-2911
253,수성롯데캐슬 정류장(농협수성지점),35.85594729,128.6203602,대구광역시 수성구청,053-666-2911
254,대구은행역 2번 출구 앞(국민은행 옆),35.85948857,128.6135341,대구광역시 수성구청,053-666-2911
255,대구은행역 2번 출구 뒤(국민은행 입구 앞),35.85948857,128.6135341,대구광역시 수성구청,053-666-2911
256,대구은행역 3번 출구,35.859346,128.6149724,대구광역시 수성구청,053-666-2911
257,수성네거리2 버스정류장 옆,35.858829,128.624147,대구광역시 수성구청,053-666-2911
258,범어역 2번 출구 앞,35.8588299,128.6241472,대구광역시 수성구청,053-666-2911
259,범어역 2번 출구 뒤,35.85883684,128.6245458,대구광역시 수성구청,053-666-2911
260,범어역 엘리베이터 뒤(2번 출구 방향),35.85883684,128.6245458,대구광역시 수성구청,053-666-2911
261,범어역 엘리베이터 앞,35.85875474,128.6247334,대구광역시 수성구청,053-666-2911
262,범어역 3번 출구 앞,35.85870858,128.6249434,대구광역시 수성구청,053-666-2911
263,범어역 7번 출구 뒤(EV 뒤),35.85835267,128.6275093,대구광역시 수성구청,053-666-2911
264,수성구청 버스정류장,35.85855045,128.6293267,대구광역시 수성구청,053-666-2911
265,수성구청,35.513027,128.375083,대구광역시 수성구청,053-666-2911
266,수성경찰서 버스정류장,35.85846818,128.6329687,대구광역시 수성구청,053-666-2911
267,수성구청역 2번 출구 앞,35.85836629,128.6351934,대구광역시 수성구청,053-666-2911
268,수성구청역 2번 출구 뒤,35.8585178,128.6355157,대구광역시 수성구청,053-666-2911
269,수성구청역 3번 출구(수협),35.85849549,128.6363238,대구광역시 수성구청,053-666-2911
270,수성구청역 3번 출구(범어약국),35.85849443,128.6365231,대구광역시 수성구청,053-666-2911
271,만촌역 엘리베이터 앞(2번 출구 뒤),35.85848676,128.6447052,대구광역시 수성구청,053-666-2911
272,만촌역 엘리베이터 뒤(만촌역 3번 출구 뒤),35.85857558,128.6449495,대구광역시 수성구청,053-666-2911
273,침산네거리 신한은행 옆,35.887987,128.592229,대구 북구청,053-665-2915
274,침산2동사무소 앞,35.88749,128.597057,대구 북구청,053-665-2915
275,노숙인종합지원센터,35.875479,128.600197,대구 북구청,053-665-2915
276,지하철 칠성시장역 4번 출구,35.876046,128.606031,대구 북구청,053-665-2915
277,칠성교 하단 신천공영주차장,35.876084,128.606167,대구 북구청,053-665-2915
278,지하철 대구역 1번 출구,35.87677,128.596967,대구 북구청,053-665-2915
279,롯데백화점 대구역 뒷편,35.876131,128.596364,대구 북구청,053-665-2915
280,북부소방서,35.878252,128.592341,대구 북구청,053-665-2915
281,신한동물병원 앞,35.885917,128.587769,대구 북구청,053-665-2915
282,태왕아너스로뎀 앞,35.891143,128.591585,대구 북구청,053-665-2915
283,칠성동행정복지센터,35.879402,128.599962,대구 북구청,053-665-2915
284,대구복합스포츠타운 입구,35.882441,128.587365,대구 북구청,053-665-2915
285,복현네거리 서북편,35.892823,128.62139,대구 북구청,053-665-2915
286,복현네거리 서북편,35.892791,128.621476,대구 북구청,053-665-2915
287,복현육교 앞,35.898375,128.619196,대구 북구청,053-665-2915
288,대구북중 앞 육교 밑,35.895216,128.618328,대구 북구청,053-665-2915
289,산격1동 행정복지센터 앞,35.900438,128.596801,대구 북구청,053-665-2915
290,지상철 학정역,35.951639,128.559301,대구 북구청,053-665-2915
291,지상철 칠곡경대병원역,35.958905,128.560084,대구 북구청,053-665-2915
292,경북외국어대정문앞,35.95961,128.561131,대구 북구청,053-665-2915
293,학남중학교,35.945661,128.570437,대구 북구청,053-665-2915
294,동천동905-2,35.945661,128.558543,대구 북구청,053-665-2915
295,동천역,35.94293,128.558543,대구 북구청,053-665-2915
296,대천로92,35.937505,128.55668,대구 북구청,053-665-2915
297,팔거역,35.936844,128.559145,대구 북구청,053-665-2915
298,동천동 T월드,35.943531,128.560373,대구 북구청,053-665-2915
299,동천성당 아래,35.942113,128.557451,대구 북구청,053-665-2915
300,대동교 좌안,35.93791,128.556951,대구 북구청,053-665-2915
301,거동교 좌안,35.945832,128.555076,대구 북구청,053-665-2915
302,동천육교(서편),35.942829,128.563166,대구 북구청,053-665-2915
303,국민은행(동천동지점),35.941963,128.563317,대구 북구청,053-665-2915
304,동천동사무소,35.937205,128.557883,대구 북구청,053-665-2915
305,대구축산농협 북대구지사,35.933727,128.548937,대구 북구청,053-665-2915
306,삼일빌라 앞,35.953558,128.553318,대구 북구청,053-665-2915
307,"구수산 도서관 동편 담벽, 별관 주차장",35.938985,128.552436,대구 북구청,053-665-2915
308,읍내동 동아아울렛 앞,35.933589,128.548932,대구 북구청,053-665-2915
309,"읍내동행정복지센터앞, 주차장내",35.946197,128.550618,대구 북구청,053-665-2915
310,칠곡중학교 정문 서편,35.949039,128.550988,대구 북구청,053-665-2915
311,관음제2공영주차장 내,35.942923,128.546202,대구 북구청,053-665-2915
312,동산약국 앞,35.93661,128.548715,대구 북구청,053-665-2915
313,북구건강가정지원센터 앞,35.938012,128.548965,대구 북구청,053-665-2915
314,관음초등학교 뒤편(관음동자율방범대 앞),35.939266,128.547317,대구 북구청,053-665-2915
315,관음초등학교 정문 앞(관음제1공영주차장),35.940927,128.545225,대구 북구청,053-665-2915
316,알파문구 앞,35.935518,128.548811,대구 북구청,053-665-2915
317,강북노인복지회관 앞,35.936267,128.54785,대구 북구청,053-665-2915
318,대구은행 칠곡점 앞,35.936044,128.548503,대구 북구청,053-665-2915
319,"어울아트센터 내(2층 지상 주차장, 소공연장 입구)",35.934591,128.546645,대구 북구청,053-665-2915
320,강북중(남편)사계절 어린이 공원,35.939253,128.564956,대구 북구청,053-665-2915
321,동천육교(동편),35.942431,128.563847,대구 북구청,053-665-2915
322,동평중 네거리,35.937034,128.562626,대구 북구청,053-665-2915
323,강북중학교,35.938557,128.564852,대구 북구청,053-665-2915
324,구암동 산 104,35.92362,128.55746,대구 북구청,053-665-2915
325,구암역,35.926032,128.550398,대구 북구청,053-665-2915
326,지상철 운암역,35.931676,128.554568,대구 북구청,053-665-2915
327,솔밭공원,35.932588,128.563779,대구 북구청,053-665-2915
328,남다른 감자탕 옆,35.944049,128.564585,대구 북구청,053-665-2915
329,함지고 서편,35.927976,128.560396,대구 북구청,053-665-2915
330,함지고 서편,35.927976,128.560396,대구 북구청,053-665-2915
331,칠곡농협 운암지점,35.942026,128.563791,대구 북구청,053-665-2915
332,운암중학교 북편도로 좌측,35.932948,128.565227,대구 북구청,053-665-2915
333,대구은행 구암지점,35.94357,128.564076,대구 북구청,053-665-2915
334,운암고교 앞,35.939094,128.563724,대구 북구청,053-665-2915
335,구암동 654-1,35.931406,128.5553,대구 북구청,053-665-2915
336,구암성당 앞,35.929581,128.561568,대구 북구청,053-665-2915
337,운암지 앞,35.932537,128.567407,대구 북구청,053-665-2915
338,구암동 행정복지센터앞,35.939123,128.566108,대구 북구청,053-665-2915
339,왕비병 공주병 앞,35.943954,128.564628,대구 북구청,053-665-2915
340,운암중학교 서편 공원내,35.932974,128.565291,대구 북구청,053-665-2915
341,구암초등학교 북편,35.928349,128.557413,대구 북구청,053-665-2915
342,태전2동행정복지센터,35.921461,128.548798,대구 북구청,053-665-2915
343,한국SGI 앞,35.921844,128.547164,대구 북구청,053-665-2915
344,매천역,35.913034,128.54331,대구 북구청,053-665-2915
345,태전역,35.919239,128.547364,대구 북구청,053-665-2915
346,칠곡네오시티프라자앞,35.932331,128.548826,대구 북구청,053-665-2915
347,강북고용지원센터 앞,35.92403,128.547319,대구 북구청,053-665-2915
348,칠곡농협태전지점건너,35.913827,128.548185,대구 북구청,053-665-2915
349,칠곡농협 태전지점앞,35.913886,128.548931,대구 북구청,053-665-2915
350,대구과학대 버스정류장(2),35.930707,128.547761,대구 북구청,053-665-2915
351,대구은행 태전동지점앞,35.923606,128.546731,대구 북구청,053-665-2915
352,대구과학대 정문앞,35.928998,128.544584,대구 북구청,053-665-2915
353,칠곡네거리 (구 강북네거리),35.932772,128.548077,대구 북구청,053-665-2915
354,태전삼거리 버스정류장 앞,35.921176,128.546553,대구 북구청,053-665-2915
355,지상철 팔달역,35.897646,128.546926,대구 북구청,053-665-2915
356,지상철 매천시장역,35.904146,128.545617,대구 북구청,053-665-2915
357,관문동 주민센터 앞,35.901582,128.541986,대구 북구청,053-665-2915
358,매천초등학교 정문 앞,35.912734,128.542494,대구 북구청,053-665-2915
359,칠곡 대구공동어시장앞,35.902673,128.540798,대구 북구청,053-665-2915
360,칠곡농협 매천지점앞,35.908121,128.541882,대구 북구청,053-665-2915
361,매천시장입구,35.903622,128.546445,대구 북구청,053-665-2915
362,팔달육교,35.898773,128.548105,대구 북구청,053-665-2915
363,조야 경로당 앞,35.91159,128.576878,대구 북구청,053-665-2915
364,무태조야동 행정복지센터 앞,35.921376,128.597116,대구 북구청,053-665-2915
365,경북대 담장쪽,35.886361,128.612227,대구 북구청,053-665-2915
366,경북대 담장쪽,35.886359,128.612671,대구 북구청,053-665-2915
367,대현동행정복지센터앞,35.881916,128.605197,대구 북구청,053-665-2915
368,대현교육문화센터 앞,35.883656,128.608871,대구 북구청,053-665-2915
369,장미공원 주차장 입구,35.893453,128.617556,대구 북구청,053-665-2915
370,복현종합시장 입구,35.893104,128.62058,대구 북구청,053-665-2915
371,농협 앞,35.895347,128.167783,대구 북구청,053-665-2915
372,복현 다이소 앞,35.892581,128.621665,대구 북구청,053-665-2915
373,산격4동 주민센터 앞,35.892712,128.604134,대구 북구청,053-665-2915
374,북구희망나눔 푸드마캣 앞,35.891902,128.602653,대구 북구청,053-665-2915
375,시청별관앞 꽃보라동산,35.890205,128.59966,대구 북구청,053-665-2915
376,산격중학교 삼거리 옆,35.900023,128.609386,대구 북구청,053-665-2915
377,산격종합시장 입구,35.899341,128.610812,대구 북구청,053-665-2915
378,경북대학교 북문,35.893102,128.610145,대구 북구청,053-665-2915
379,경북대학교 북문,35.8933,128.610366,대구 북구청,053-665-2915
380,대명과학상사 앞,35.908013,128.616799,대구 북구청,053-665-2915
381,유통단지 NC아울렛 서편 공영주차장 앞,35.90406,128.609086,대구 북구청,053-665-2915
382,유통단지 NC아울렛 앞,35.905707,128.611253,대구 북구청,053-665-2915
383,유통단지 섬유제품관 앞,35.906657,128.610581,대구 북구청,053-665-2915
384,유통단지 전자도매상가 앞,35.905465,128.605169,대구 북구청,053-665-2915
385,국민은행 유통단지점 앞,35.908322,128.609467,대구 북구청,053-665-2915
386,유통단지 전자관 앞,35.906415,128.607419,대구 북구청,053-665-2915
387,유통단지 신기공원 앞,35.907087,128.608832,대구 북구청,053-665-2915
388,유통단지 산업용재관 22동 앞,35.904877,128.607068,대구 북구청,053-665-2915
389,유통단지 산업용재관 31동 앞,35.904193,128.607531,대구 북구청,053-665-2915
390,북구청소년회관 앞,35.905574,128.616298,대구 북구청,053-665-2915
391,노원동 행정복지센터,35.890251,128.576284,대구 북구청,053-665-2915
392,지상철 원대역,35.888077,128.573714,대구 북구청,053-665-2915
393,지상철 팔달시장역,35.889063,128.567101,대구 북구청,053-665-2915
394,오봉로 1,35.88799,128.575931,대구 북구청,053-665-2915
395,노원동3가 MG새마을금고 앞,35.889401,128.565066,대구 북구청,053-665-2915
396,노원동3가 만평네거리 교통섬,35.88991,128.561792,대구 북구청,053-665-2915
397,지상철 공단역,35.891704,128.554542,대구 북구청,053-665-2915
398,지상철 공단역,35.892808,128.553107,대구 북구청,053-665-2915
399,침산새마을금고 앞,35.890394,128.586952,대구 북구청,053-665-2915
400,북부경찰서 내,35.886218,128.583271,대구 북구청,053-665-2915
401,북구보건복지센터 앞,35.891746,128.589199,대구 북구청,053-665-2915
402,다빈치타워 앞,35.889234,128.586182,대구 북구청,053-665-2915
403,포브스타워 앞,35.889195,128.586354,대구 북구청,053-665-2915
404,포브스타워 앞,35.889219,128.586266,대구 북구청,053-665-2915
405,오봉오거리(서),35.890088,128.583671,대구 북구청,053-665-2915
406,오봉오거리(동),35.890088,128.583671,대구 북구청,053-665-2915
407,엠비프라자 앞,35.888241,128.59103,대구 북구청,053-665-2915
408,엠비프라자 앞,35.888012,128.591296,대구 북구청,053-665-2915
409,침산3동행정복지센터앞,35.891919,128.589351,대구 북구청,053-665-2915
410,대구은행북구청 앞,35.88589,128.582318,대구 북구청,053-665-2915
411,북구청 민원실 앞,35.890593,128.585509,대구 북구청,053-665-2915
412,침산초등학교 남(동)편,35.891695,128.586578,대구 북구청,053-665-2915
413,침산초등학교 남(서)편,35.888897,128.588401,대구 북구청,053-665-2915
414,침산초등학교 동편,35.891695,128.586578,대구 북구청,053-665-2915
415,침산중학교 남편,35.888897,128.588401,대구 북구청,053-665-2915
416,침산2차청구 남편,35.889093,128.587486,대구 북구청,053-665-2915
417,북부도서관 앞,35.884789,128.584105,대구 북구청,053-665-2915
418,국민건강보험 대구북부지사 앞,35.887435,128.597529,대구 북구청,053-665-2915
419,침산푸르지오 북대구농협 앞,35.889235,128.591609,대구 북구청,053-665-2915
420,침산네거리 하나은행 앞,35.888895,128.592002,대구 북구청,053-665-2915
421,팔달로 175,35.888947,128.56938,대구 북구청,053-665-2915
422,침산남로 138,35.888128,128.590708,대구 북구청,053-665-2915
423,침산3동 경로당 앞,35.891562,128.586804,대구 북구청,053-665-2915
424,사수동 812번지,35.901373,128.513743,대구 북구청,053-665-2915
425,함지노인복지회관,35.942898,128.57032,대구 북구청,053-665-2915
426,침산교회 앞,35.888534,128.578132,대구 북구청,053-665-2915
427,관음동 행정복지센터,35.944319,128.547406,대구 북구청,053-665-2915
428,무태네거리 정류장,35.915152,128.599307,대구 북구청,053-665-2915
429,금천그린피아 앞,35.890585,128.587004,대구 북구청,053-665-2915
430,세븐엘레븐 앞,35.886313,128.587004,대구 북구청,053-665-2915
431,다모아헤어 앞,35.887837,128.575656,대구 북구청,053-665-2915
432,동산정형외과 의원 앞,35.884292,128.581997,대구 북구청,053-665-2915
433,복현청구타운 앞,35.90105,128.615987,대구 북구청,053-665-2915
434,복현초교~명문세가 상가,35.89854,128.621867,대구 북구청,053-665-2915
435,복현오거리 신한은행 앞,35.897964,128.616049,대구 북구청,053-665-2915
436,대불노인복지회관,35.892791,128.621476,대구 북구청,053-665-2915
437,신천역 2번 출입구,35.874606,128.617119,대구광역시 동구청,053-662-3014
438,신천역 5번 출입구,35.874293,128.617918,대구광역시 동구청,053-662-3014
439,신천역 6번 출입구,35.874621,128.618056,대구광역시 동구청,053-662-3014
440,신천역 7번 출입구,35.874827,128.618069,대구광역시 동구청,053-662-3014
441,신천역 8번 출입구,35.874961,128.617516,대구광역시 동구청,053-662-3014
442,동대구광역시역 1번 출입구,35.884485,128.632501,대구광역시 동구청,053-662-3014
443,큰고개역 3번 출입구,35.884645,128.632308,대구광역시 동구청,053-662-3014
444,큰고개역 4번 출입구,35.887155,128.639521,대구광역시 동구청,053-662-3014
445,아양교역 1번 출입구,35.887389,128.640149,대구광역시 동구청,053-662-3014
446,아양교역 4번 출입구,35.887158,128.640237,대구광역시 동구청,053-662-3014
447,아양교역 3번 출입구,35.887017,128.639818,대구광역시 동구청,053-662-3014
448,아양교역 2번 출입구,35.887012,128.639961,대구광역시 동구청,053-662-3014
449,아양교역 2번 출입구,35.886915,128.639628,대구광역시 동구청,053-662-3014
450,신암5동 고려e스쿨 앞,35.887158,128.639562,대구광역시 동구청,053-662-3014
451,동촌역 자전거 주차장,35.887026,128.639957,대구광역시 동구청,053-662-3014
452,동촌로 입석중학교 정문,35.891407,128.644523,대구광역시 동구청,053-662-3014
453,동대구광역시우체국 앞,35.891921,128.6442444,대구광역시 동구청,053-662-3014
454,명인약국 앞,35.889823,128.6478535,대구광역시 동구청,053-662-3014
455,현대차 방촌영업소 앞,35.888988,128.648873,대구광역시 동구청,053-662-3014
456,새마을금고 동촌점 앞,35.88775201,128.650924,대구광역시 동구청,053-662-3014
457,동구 보건소 앞,35.887956,128.651063,대구광역시 동구청,053-662-3014
458,마이홈 빌라트 앞,35.885632,128.654921,대구광역시 동구청,053-662-3014
459,동촌역 현수막게시대 앞,35.887335,128.651806,대구광역시 동구청,053-662-3014
460,홈플러스 동촌점 앞,35.885607,128.655318,대구광역시 동구청,053-662-3014
461,용비어천가 사우나 앞,35.885083,128.656274,대구광역시 동구청,053-662-3014
462,지성주유소 뒷편,35.884438,128.657984,대구광역시 동구청,053-662-3014
463,동촌초등학교 육교 밑,35.883605,128.658515,대구광역시 동구청,053-662-3014
464,해안역 2번 출입구,35.883547,128.658987,대구광역시 동구청,053-662-3014
465,해안역 4번 출입구,35.883643,128.659747,대구광역시 동구청,053-662-3014
466,해안역 3번 출입구,35.883414,128.659694,대구광역시 동구청,053-662-3014
467,안심역2번 출입구,35.871317,128.7337712,대구광역시 동구청,053-662-3014
468,안심역3번 출입구,35.871089,128.733748,대구광역시 동구청,053-662-3014
469,안심역4번 출입구,35.871338,128.734476,대구광역시 동구청,053-662-3014
470,안심역5번 출입구,35.87128148,128.734351,대구광역시 동구청,053-662-3014
471,현대자동차 동촌영업소 앞,35.892201,128.643191,대구광역시 동구청,053-662-3014
472,불로우방맨션 101동 앞,35.900853,128.631235,대구광역시 동구청,053-662-3014
473,국민은행 신암동지점 앞,35.881801,128.617833,대구광역시 동구청,053-662-3014
474,새마을금고 동구 본점,35.880274,128.619267,대구광역시 동구청,053-662-3014
475,율하역 5번 출입구,35.869736,128.693114,대구광역시 동구청,053-662-3014
476,효목고가차도 A1 지점,35.88649171,128.631481,대구광역시 동구청,053-662-3014
477,팔공노인복지회관 앞,35.887394,128.630989,대구광역시 동구청,053-662-3014
478,동광교회 앞,35.875086,128.615689,대구광역시 동구청,053-662-3014
479,중원한의원 앞,35.868026,128.616769,대구광역시 동구청,053-662-3014
480,청구중학교 후문,35.868547,128.619339,대구광역시 동구청,053-662-3014
481,청구고등학교 정문,35.867593,128.621201,대구광역시 동구청,053-662-3014
482,지저 팔공아파트 앞,35.893759,128.637194,대구광역시 동구청,053-662-3014
483,측백나무숲 주차장,35.918563,128.661852,대구광역시 동구청,053-662-3014
484,도동주민센터,35.910065,128.65013,대구광역시 동구청,053-662-3014
485,불로동 치안센터 앞,35.909601,128.6416294,대구광역시 동구청,053-662-3014
486,불로시장 내 공중화장실,35.909759,128.642211,대구광역시 동구청,053-662-3014
487,불로고분 주차장 내,35.913912,128.643883,대구광역시 동구청,053-662-3014
488,경부고속도로 불로교 하단,35.916748,128.643872,대구광역시 동구청,053-662-3014
489,봉무공원 주차장,35.920173,128.6473981,대구광역시 동구청,053-662-3014
490,봉무공원내,35.92017148,128.649974,대구광역시 동구청,053-662-3014
491,이시아폴리스2차202동 버스승강장,35.926249,128.641462,대구광역시 동구청,053-662-3014
492,이사아폴리스1차102동 버스승강장,35.925642,128.641151,대구광역시 동구청,053-662-3014
493,금호강 둔치 주차장 계단,35.879004,128.659906,대구광역시 동구청,053-662-3014
494,금호강 둔치 축구장,35.880244,128.6589769,대구광역시 동구청,053-662-3014
495,화랑교 밑 금호강둔치 게이트볼장,35.877008,128.661717,대구광역시 동구청,053-662-3014
496,우방강촌 대백마트 앞,35.876763,128.668767,대구광역시 동구청,053-662-3014
497,동촌역 자전거 주차장,35.885914,128.650174,대구광역시 동구청,053-662-3014
498,한국신경외과 의원 앞,35.873913,128.695564,대구광역시 동구청,053-662-3014
499,떡사랑방 앞,35.871291,128.705954,대구광역시 동구청,053-662-3014
500,지저경로당,35.896439,128.636554,대구광역시 동구청,053-662-3014
501,율하 수약국,35.867129,128.696234,대구광역시 동구청,053-662-3014
502,안심주공1단지 육교 앞,35.866217,128.697964,대구광역시 동구청,053-662-3014
503,방촌SK직영점 앞,35.882399,128.663893,대구광역시 동구청,053-662-3014
504,입석중학교 앞,35.891184,128.644383,대구광역시 동구청,053-662-3014
505,대구가톨릭정형외과,35.88215882,128.663255,대구광역시 동구청,053-662-3014
506,권내과의원,35.882104,128.663408,대구광역시 동구청,053-662-3014
507,팔공노인복지관 앞,35.887442,128.630995,대구광역시 동구청,053-662-3014
508,덕원빌딩 앞,35.888983,128.648556,대구광역시 동구청,053-662-3014
509,동촌새마을금고 앞,35.88775201,128.650816,대구광역시 동구청,053-662-3014
510,방촌초등학교 앞,35.880489,128.663233,대구광역시 동구청,053-662-3014
511,동광빌딩 앞,35.889929,128.647857,대구광역시 동구청,053-662-3014
512,안심도서관,35.866645,128.691839,대구광역시 동구청,053-662-3014
513,농협방촌지점버스승강장,35.881954,128.666886,대구광역시 동구청,053-662-3014
514,새마을 금고 앞,35.880227,128.619183,대구광역시 동구청,053-662-3014
515,동촌유원지 서편주차장,35.879747,128.649483,대구광역시 동구청,053-662-3014
516,방촌동우체국 앞,35.880867,128.666164,대구광역시 동구청,053-662-3014
517,롯데리아 앞,35.868285,128.702201,대구광역시 동구청,053-662-3014
518,신기중학교 뒤 안심체육공원,35.860032,128.694169,대구광역시 동구청,053-662-3014
519,율하체육공원 테니스장 내,35.860005,128.694378,대구광역시 동구청,053-662-3014
520,율하체육공원 공중화장실,35.870227,128.621203,대구광역시 동구청,053-662-3014
521,기독사회복지관 앞,35.887004,128.639172,대구광역시 동구청,053-662-3014
522,금마루 식당 주차장 앞,35.877041,128.667322,대구광역시 동구청,053-662-3014
523,고려e스쿨 앞,35.882097,128.671761,대구광역시 동구청,053-662-3014
524,두메산골식당 앞,35.882283,128.663808,대구광역시 동구청,053-662-3014
525,해안동 주민센터 앞,35.873517,128.700552,대구광역시 동구청,053-662-3014
526,대구광역시사랑교회 앞,35.882267,128.663815,대구광역시 동구청,053-662-3014
527,율하 저탄장 입구,35.87287404,128.700605,대구광역시 동구청,053-662-3014
528,반야월역사 작은도서관 내,35.872335,128.724619,대구광역시 동구청,053-662-3014
529,각산역2번 출입구,35.867842,128.724242,대구광역시 동구청,053-662-3014
530,대구광역시은행 율하지점,35.863284,128.698407,대구광역시 동구청,053-662-3014
531,동구새마을금고,35.880269,128.619276,대구광역시 동구청,053-662-3014
532,대구광역시선 아양공원 입구,35.891269,128.639626,대구광역시 동구청,053-662-3014
533,지저동주민센터 내,35.893515,128.638326,대구광역시 동구청,053-662-3014
534,반야월역3번 출입구,35.865841,128.714089,대구광역시 동구청,053-662-3014
535,동대구광역시맨션 앞,35.882208,128.625425,대구광역시 동구청,053-662-3014
536,동촌지구대 내,35.886562,128.648783,대구광역시 동구청,053-662-3014
537,한국신경외과,35.873723,128.6956181,대구광역시 동구청,053-662-3014
538,위남마을 입구 버스승강장,35.927802,128.641228,대구광역시 동구청,053-662-3014
539,지저경로당 내,35.896367,128.6365546,대구광역시 동구청,053-662-3014
540,세광빌딩 앞,35.861963,128.701589,대구광역시 동구청,053-662-3014
541,우진빌딩 앞,35.882074,128.618518,대구광역시 동구청,053-662-3014
542,KB국민은행 앞,35.867934,128.724565,대구광역시 동구청,053-662-3014
543,안심3.4동 사무소1,35.870521,128.710836,대구광역시 동구청,053-662-3014
544,안심3.4동 사무소2,35.870521,128.710836,대구광역시 동구청,053-662-3014
545,율하롯데 아울렛 2단 주차장,35.86846302,128.6933316,대구광역시 동구청,053-662-3014
546,율하초등학교 앞,35.868128,128.701394,대구광역시 동구청,053-662-3014
547,방촌 대구광역시가톨릭외과 앞,35.882308,128.663364,대구광역시 동구청,053-662-3014
548,방촌 허약국 앞,35.882247,128.663516,대구광역시 동구청,053-662-3014
549,다모아 책문구 앞,35.879878,128.669613,대구광역시 동구청,053-662-3014
550,방촌역 2번 출입구,35.87955952,128.669617,대구광역시 동구청,053-662-3014
551,방촌역 3번 출입구,35.879429,128.670223,대구광역시 동구청,053-662-3014
552,방촌역 4번 출입구,35.879493,128.670365,대구광역시 동구청,053-662-3014
553,조은약국 앞,35.879703,128.670316,대구광역시 동구청,053-662-3014
554,진명학원 방촌점 앞,35.879783,128.6708802,대구광역시 동구청,053-662-3014
555,용계역2번 출입구,35.879541,128.670829,대구광역시 동구청,053-662-3014
556,용계역1번 출입구,35.876275,128.680963,대구광역시 동구청,053-662-3014
557,율하역 방향 율하남교,35.876541,128.681051,대구광역시 동구청,053-662-3014
558,율하역 3번 출입구,35.870682,128.691488,대구광역시 동구청,053-662-3014
559,율하역 4번 출입구,35.86846302,128.6933316,대구광역시 동구청,053-662-3014
560,율하역 5번 버스승강장,35.869105,128.693775,대구광역시 동구청,053-662-3014
561,율하수약국 앞,35.867195,128.696258,대구광역시 동구청,053-662-3014
562,안심주공 1단지 101동 앞,35.86575807,128.696667,대구광역시 동구청,053-662-3014
563,버스승강장 앞,35.867285,128.698031,대구광역시 동구청,053-662-3014
564,신기역2번 출입구,35.866516,128.702053,대구광역시 동구청,053-662-3014
565,신기역3번 출입구,35.866454,128.702777,대구광역시 동구청,053-662-3014
566,율하초등 앞 공원,35.866929,128.701122,대구광역시 동구청,053-662-3014
567,안심화성타운101동 앞,35.866696,128.703434,대구광역시 동구청,053-662-3014
568,신기역 4번 신기중학교 앞,35.866754,128.702792,대구광역시 동구청,053-662-3014
569,신기역 버스승강장 앞,35.866488,128.702462,대구광역시 동구청,053-662-3014
570,반야월역3번 출입구,35.865826,128.714048,대구광역시 동구청,053-662-3014
571,반야월역2번 출입구,35.865832,128.713186,대구광역시 동구청,053-662-3014
572,반야월역1번 출입구,35.866094,128.713229,대구광역시 동구청,053-662-3014
573,반야월역4번 출입구,35.866057,128.713962,대구광역시 동구청,053-662-3014
574,각산역2번 출입구,35.867834,128.724217,대구광역시 동구청,053-662-3014
575,각산역4번 출입구,35.867834,128.724217,대구광역시 동구청,053-662-3014
576,안심역1번 출입구,35.871328,128.733586,대구광역시 동구청,053-662-3014
577,달서구청,35.82991524,128.5328365,대구광역시 달서구청,053-667-3084
578,성당1동주민센터,35.8391647,128.5581943,대구광역시 달서구청,053-667-3084
579,성당2동주민센터,35.84061243,128.5531497,대구광역시 달서구청,053-667-3084
580,두류1동주민센터,35.8556984,128.5722,대구광역시 달서구청,053-667-3084
581,두류2동주민센터,35.8580976,128.567293,대구광역시 달서구청,053-667-3084
582,두류3동주민센터,35.853712,128.5554918,대구광역시 달서구청,053-667-3084
583,본리동주민센터,35.84101503,128.5431658,대구광역시 달서구청,053-667-3084
584,감삼동주민센터,35.8510218,128.5421776,대구광역시 달서구청,053-667-3084
585,죽전동주민센터,35.855797,128.5398201,대구광역시 달서구청,053-667-3084
586,장기동주민센터,35.8433981,128.5299636,대구광역시 달서구청,053-667-3084
587,용산1동주민센터,35.8566419,128.5312386,대구광역시 달서구청,053-667-3084
588,용산2동주민센터,35.858431,128.522993,대구광역시 달서구청,053-667-3084
589,이곡1동주민센터,35.8516557,128.5106752,대구광역시 달서구청,053-667-3084
590,이곡2동주민센터,35.85575426,128.500776,대구광역시 달서구청,053-667-3084
591,신당동주민센터,35.8589763,128.4988484,대구광역시 달서구청,053-667-3084
592,월성1동주민센터,35.8195332,128.5228739,대구광역시 달서구청,053-667-3084
593,월성2동주민센터,35.8309599,128.5282751,대구광역시 달서구청,053-667-3084
594,진천동주민센터,35.8122214,128.5228091,대구광역시 달서구청,053-667-3084
595,상인1동주민센터,35.8142773,128.5450464,대구광역시 달서구청,053-667-3084
596,상인2동주민센터,35.81255487,128.5362895,대구광역시 달서구청,053-667-3084
597,상인3동주민센터,35.8100742,128.5502339,대구광역시 달서구청,053-667-3084
598,도원동주민센터,35.8074901,128.5321884,대구광역시 달서구청,053-667-3084
599,송현2동주민센터,35.8327943,128.5455827,대구광역시 달서구청,053-667-3084
600,첨단문화회관,35.84285866,128.5221241,대구광역시 달서구청,053-667-3084
601,도원도서관,35.80679505,128.5390934,대구광역시 달서구청,053-667-3084
602,달서어린이도서관,35.8224974,128.5470404,대구광역시 달서구청,053-667-3084
603,성서도서관,35.8574197,128.5144743,대구광역시 달서구청,053-667-3084
604,서부정류장역,35.8372443,128.5567773,대구광역시 달서구청,053-667-3084
605,송현역,35.831016,128.5520993,대구광역시 달서구청,053-667-3084
606,월촌역,35.8236615,128.5458879,대구광역시 달서구청,053-667-3084
607,상인역,35.81910481,128.537081,대구광역시 달서구청,053-667-3084
608,월배역,35.8160112,128.530573,대구광역시 달서구청,053-667-3084
609,진천역,35.8134974,128.5225809,대구광역시 달서구청,053-667-3084
610,대곡역,35.8092889,128.512785,대구광역시 달서구청,053-667-3084
611,반고개역,35.8619374,128.5725853,대구광역시 달서구청,053-667-3084
612,내당역,35.8599337,128.564982,대구광역시 달서구청,053-667-3084
613,두류역,35.85702656,128.5568928,대구광역시 달서구청,053-667-3084
614,감삼역,35.85458949,128.5476884,대구광역시 달서구청,053-667-3084
615,죽전역,35.85010674,128.5380378,대구광역시 달서구청,053-667-3084
616,용산역,35.84810903,128.5290603,대구광역시 달서구청,053-667-3084
617,이곡역,35.8511383,128.5164379,대구광역시 달서구청,053-667-3084
618,성서공단역,35.85126015,128.5076161,대구광역시 달서구청,053-667-3084
619,계명대역,35.85106594,128.4928597,대구광역시 달서구청,053-667-3084
620,강창역,35.85259679,128.47779,대구광역시 달서구청,053-667-3084
621,학생문화센터앞,35.8530407,128.5295222,대구광역시 달서구청,053-667-3084
622,서부지원,35.8530014,128.5275763,대구광역시 달서구청,053-667-3084
623,법조빌딩,35.85169853,128.5279825,대구광역시 달서구청,053-667-3084
624,아세아스틸 서편 강변도로,35.84919729,128.4742956,대구광역시 달서구청,053-667-3084
625,한전대구전력관리처 서편 강변도로,35.84507821,128.4733544,대구광역시 달서구청,053-667-3084
626,삼성명가타운 서편 강변도로,35.85022139,128.473677,대구광역시 달서구청,053-667-3084
627,근로자종합복지관 앞,35.8441592,128.4872848,대구광역시 달서구청,053-667-3084
628,성서산업단지관리공단 앞,35.8437963,128.5066673,대구광역시 달서구청,053-667-3084
629,STX북측 맞은편,35.84756518,128.4900092,대구광역시 달서구청,053-667-3084
630,삼성물류센터 남측 맞은편,35.8431655,128.4911333,대구광역시 달서구청,053-667-3084
631,모다아울렛 정문 맞은편,35.8358511,128.4913926,대구광역시 달서구청,053-667-3084
632,유수지 중간지점 맞은편,35.83004919,128.4927049,대구광역시 달서구청,053-667-3084
633,모다아울렛 A동 앞,35.8365407,128.4913869,대구광역시 달서구청,053-667-3084
634,모다아울렛 B동 앞,35.8358511,128.4913926,대구광역시 달서구청,053-667-3084
635,새마을달서구지회 앞,35.842181,128.5344941,대구광역시 달서구청,053-667-3084
636,청구코아 상가 앞,35.8275288,128.5311187,대구광역시 달서구청,053-667-3084
637,사관학원 앞,35.8147953,128.5262855,대구광역시 달서구청,053-667-3084
638,베비라가게 옆,35.8064834,128.5352329,대구광역시 달서구청,053-667-3084
639,우정빌딩 앞,35.81730091,128.5335552,대구광역시 달서구청,053-667-3084
640,용산동 지엠비영어학원앞,35.858055,128.5308616,대구광역시 달서구청,053-667-3084
641,이곡동 지엠비영어학원앞,35.8550612,128.5043981,대구광역시 달서구청,053-667-3084
642,이곡동 비전학원앞,35.8550805,128.5062464,대구광역시 달서구청,053-667-3084
643,도원동 롯데리아앞,35.8072021,128.5353639,대구광역시 달서구청,053-667-3084
644,도원동 경북약국앞,35.8075918,128.5354904,대구광역시 달서구청,053-667-3084
645,장미아파트 402동 앞,35.80737766,128.5559494,대구광역시 달서구청,053-667-3084
646,용산동 사관학원 앞,35.8578077,128.5303352,대구광역시 달서구청,053-667-3084
647,이곡동 지구외국어학원 앞,35.8549998,128.5087192,대구광역시 달서구청,053-667-3084
648,대곡동 나성하와이 앞,35.8072551,128.5191741,대구광역시 달서구청,053-667-3084
649,장기초록나라 버스정류장앞,35.84486295,128.5300605,대구광역시 달서구청,053-667-3084
650,도원시장(대구은행 앞),35.8071736,128.5360907,대구광역시 달서구청,053-667-3084
651,도원시장(월배농협 옆),35.807053,128.5364594,대구광역시 달서구청,053-667-3084
652,대곡시장(단팥빵 앞),35.8073006,128.5340932,대구광역시 달서구청,053-667-3084
653,대곡시장(로핫치킨 앞),35.8072545,128.5344986,대구광역시 달서구청,053-667-3084
654,서남시장,35.8543756,128.5451735,대구광역시 달서구청,053-667-3084
655,용산종합시장,35.8551429,128.5213882,대구광역시 달서구청,053-667-3084
656,월곡로(학산중 앞),35.8314484,128.5257965,대구광역시 달서구청,053-667-3084
657,원화여중고 앞,35.8461885,128.5476603,대구광역시 달서구청,053-667-3084
658,방송통신대 앞,35.8597942,128.4948465,대구광역시 달서구청,053-667-3084
659,상인공영주차장,35.818116,128.5398726,대구광역시 달서구청,053-667-3084
660,상원공영주차장,35.80873697,128.550358,대구광역시 달서구청,053-667-3084
661,월광수변공원주차장,35.79880747,128.5482868,대구광역시 달서구청,053-667-3084
662,월곡역사공원,35.81920779,128.5456336,대구광역시 달서구청,053-667-3084
663,호산공원,35.84898495,128.4839303,대구광역시 달서구청,053-667-3084
664,월천공원,35.8229446,128.5125819,대구광역시 달서구청,053-667-3084
665,도원공원 내,35.8062664,128.5435905,대구광역시 달서구청,053-667-3084
666,성서제방도로,35.8313748,128.4895825,대구광역시 달서구청,053-667-3084
667,도원공원밖 담장옆,35.8062664,128.5435905,대구광역시 달서구청,053-667-3084
668,대곡동 나성하와이 앞,35.8072551,128.5191741,대구광역시 달서구청,053-667-3084
669,수외과앞,35.8545093,128.5498764,대구광역시 달서구청,053-667-3084
670,도원네거리(6단지앞),35.8046026,128.5343191,대구광역시 달서구청,053-667-3084
671,성당새마을금고앞,35.8397172,128.5489974,대구광역시 달서구청,053-667-3084
672,대성사앞,35.84318887,128.5554445,대구광역시 달서구청,053-667-3084
673,원화여중고앞,35.84656233,128.5479441,대구광역시 달서구청,053-667-3084
674,성서농협 죽전지점앞,35.8511575,128.5388952,대구광역시 달서구청,053-667-3084
675,성서메가타운 앞,35.8550972,128.5077799,대구광역시 달서구청,053-667-3084
676,장산초교앞,35.85483895,128.5265462,대구광역시 달서구청,053-667-3084
677,본리동 블루PC방앞,35.8411296,128.5364264,대구광역시 달서구청,053-667-3084
678,성서농협 신용산지점앞,35.8577827,128.5308897,대구광역시 달서구청,053-667-3084
679,장기동주민센터앞,35.8433981,128.5299636,대구광역시 달서구청,053-667-3084
680,감삼역,35.85458949,128.5476884,대구광역시 달서구청,053-667-3084
681,정도너츠앞,35.85015245,128.533899,대구광역시 달서구청,053-667-3084
682,용산1동주민센터내,35.8566419,128.5312386,대구광역시 달서구청,053-667-3084
683,대곡동 나성하와이 앞,35.8072551,128.5191741,대구광역시 달서구청,053-667-3084
684,계명대역,35.85106594,128.4928597,대구광역시 달서구청,053-667-3084
685,달서구 청소년수련관,35.82024301,128.5534077,대구광역시 달서구청,053-667-3084
686,이곡역,35.8511383,128.5164379,대구광역시 달서구청,053-667-3084
687,진천역,35.8134974,128.5225809,대구광역시 달서구청,053-667-3084
688,기업은행앞(성서보성화성건너),35.855107,128.5037923,대구광역시 달서구청,053-667-3084
689,월진경로당앞,35.8150466,128.5271613,대구광역시 달서구청,053-667-3084
690,감삼우방드림시티건너(진헤어앞),35.8433615,128.5337503,대구광역시 달서구청,053-667-3084
691,유천네거리북동편,35.8113029,128.5157247,대구광역시 달서구청,053-667-3084
692,대성약국앞(월배초등건너),35.8150309,128.5284792,대구광역시 달서구청,053-667-3084
693,유천지구대,35.8114424,128.5173512,대구광역시 달서구청,053-667-3084
694,감삼우방드림시티앞,35.84442,128.5334211,대구광역시 달서구청,053-667-3084
695,성당역동물병원앞,35.8394168,128.5586521,대구광역시 달서구청,053-667-3084
696,이곡공원앞,35.85568671,128.5121986,대구광역시 달서구청,053-667-3084
697,장산초등학교앞,35.85483895,128.5265462,대구광역시 달서구청,053-667-3084
698,월배이마트옆,35.817143,128.5236661,대구광역시 달서구청,053-667-3084
699,그랜드M타워앞,35.8501437,128.530128,대구광역시 달서구청,053-667-3084
700,국민은행진천지점앞,35.81392905,128.521461,대구광역시 달서구청,053-667-3084
701,반고개네거리 대자연수족관앞,35.8616362,128.5720561,대구광역시 달서구청,053-667-3084
702,대동시장 김무원내과앞,35.8115417,128.5374457,대구광역시 달서구청,053-667-3084
703,한교육타이거합기도장앞,35.8433453,128.5343602,대구광역시 달서구청,053-667-3084
704,성서초등서편육교밑,35.85118173,128.5136493,대구광역시 달서구청,053-667-3084
705,도원고등학교앞,35.8052052,128.5454879,대구광역시 달서구청,053-667-3084
706,청진빌딩앞,35.8545816,128.5046577,대구광역시 달서구청,053-667-3084
707,죽전역,35.85010674,128.5380378,대구광역시 달서구청,053-667-3084
708,진천동롯데리아앞,35.8144392,128.524157,대구광역시 달서구청,053-667-3084
709,반고개역,35.8619374,128.5725853,대구광역시 달서구청,053-667-3084
710,(구)용산정형외과앞,35.8585109,128.5298837,대구광역시 달서구청,053-667-3084
711,아람주공 동편,35.80592002,128.5307911,대구광역시 달서구청,053-667-3084
712,수목원생활온천 앞,35.8081675,128.5227763,대구광역시 달서구청,053-667-3084
713,경원고등학교 앞,35.86547942,128.5256786,대구광역시 달서구청,053-667-3084
714,계대동문 편의점 앞,35.8553399,128.4943876,대구광역시 달서구청,053-667-3084
715,본리어린이공원,35.84056015,128.5418156,대구광역시 달서구청,053-667-3084
716,본리동주민센터,35.84101503,128.5431658,대구광역시 달서구청,053-667-3084
717,신당동 으뜸고시원 앞,35.8553266,128.4945486,대구광역시 달서구청,053-667-3084
718,성서메가타운 앞,35.8550972,128.5077799,대구광역시 달서구청,053-667-3084
719,성서체육공원 남측,35.86156265,128.5058539,대구광역시 달서구청,053-667-3084
720,경원고등학교 지하도 입구,35.86406844,128.5255187,대구광역시 달서구청,053-667-3084
721,삼우농기,35.8449579,128.4753129,대구광역시 달서구청,053-667-3084
722,감삼역,35.8541659,128.5488876,대구광역시 달서구청,053-667-3084
723,죽전동 보건소,35.8547517,128.5355217,대구광역시 달서구청,053-667-3084
724,상인3동주민센터,35.8100742,128.5502339,대구광역시 달서구청,053-667-3084
725,영남고등학교,35.82076928,128.5363031,대구광역시 달서구청,053-667-3084
726,대구전자공업고등학교,35.8479121,128.5297963,대구광역시 달서구청,053-667-3084
727,대곡동 기업은행 앞,35.80829569,128.5361613,대구광역시 달서구청,053-667-3084
728,도원숯불갈비앞,35.8089701,128.5362665,대구광역시 달서구청,053-667-3084
729,노전초등학교네거리,35.8081704,128.5312376,대구광역시 달서구청,053-667-3084
730,경원고등학교 앞,35.86547942,128.5256786,대구광역시 달서구청,053-667-3084
731,수목원 입구,35.8007004,128.5200051,대구광역시 달서구청,053-667-3084
732,성서주공 1단지 아파트 앞,35.85230021,128.4988203,대구광역시 달서구청,053-667-3084
733,상서중학교,35.84643655,128.549872,대구광역시 달서구청,053-667-3084
734,진천장미공원,35.81119306,128.5186164,대구광역시 달서구청,053-667-3084
735,대곡역,35.80906692,128.5122788,대구광역시 달서구청,053-667-3084
736,상서중학교,35.84643655,128.549872,대구광역시 달서구청,053-667-3084
737,성곡중학교,35.8618122,128.5229778,대구광역시 달서구청,053-667-3084
738,상화네거리,35.8091718,128.5356958,대구광역시 달서구청,053-667-3084
739,용산미진태왕1차아파트,35.85620168,128.5276217,대구광역시 달서구청,053-667-3084
740,수림지파크골프장사무실 앞,35.8173663,128.5023898,대구광역시 달서구청,053-667-3084
741,효성중학교,35.8343045,128.5284014,대구광역시 달서구청,053-667-3084
742,대곡나성하와이,35.80723943,128.5191341,대구광역시 달서구청,053-667-3084
743,노전초등학교 앞,35.80817462,128.5312238,대구광역시 달서구청,053-667-3084
744,대진중학교 옆,35.80572413,128.5195256,대구광역시 달서구청,053-667-3084
745,성서세븐일레븐 앞,35.84997387,128.5155922,대구광역시 달서구청,053-667-3084
746,해올중고등학교,35.84137778,128.553668,대구광역시 달서구청,053-667-3084
747,상인중학교,35.81135675,128.5501236,대구광역시 달서구청,053-667-3084
748,논공읍 행정복지센터 논공공단출장소,35.73003954,128.4527811,대구광역시 달성군청,053-668-2913
749,달성군민운동장 서편출입구,35.729572,128.451888,대구광역시 달성군청,053-668-2913
750,약산온천입구교차로,35.73725568,128.4207185,대구광역시 달성군청,053-668-2913
751,"대실역 1,2,3,4,번출구 앞",35.8579516,128.4655707,대구광역시 달성군청,053-668-2913
752,"다사역 1,2,3,4번출구 앞",35.86472735,128.4585437,대구광역시 달성군청,053-668-2913
753,문산취수장 부근,35.85268555,128.4208713,대구광역시 달성군청,053-668-2913
754,다사읍 행정복지센터 서재출장소,35.87222571,128.4942619,대구광역시 달성군청,053-668-2913
755,옥포 간경리 마을회관 앞,35.79059638,128.4695755,대구광역시 달성군청,053-668-2913
756,농업기술센터 안,35.78270108,128.4467758,대구광역시 달성군청,053-668-2913
757,옥포읍 행정복지센터 앞,35.78924402,128.4640116,대구광역시 달성군청,053-668-2913
758,옥포 신당리 정자,35.80267962,128.4454289,대구광역시 달성군청,053-668-2913
759,포산중학교 맞은편,35.69695241,128.4604266,대구광역시 달성군청,053-668-2913
760,화성파크드림 남편 버스정류장,35.69817138,128.4620867,대구광역시 달성군청,053-668-2913
761,하나리움퀸즈파크 북편 버스정류장,35.69641585,128.4613095,대구광역시 달성군청,053-668-2913
762,하나리움퀸즈파크 동편 버스정류장,35.69641585,128.4613095,대구광역시 달성군청,053-668-2913
763,남해오네뜨2차 서편 버스정류장,35.69489317,128.4643971,대구광역시 달성군청,053-668-2913
764,한라하우젠트 센트럴파크 서편,35.6921636,128.4582271,대구광역시 달성군청,053-668-2913
765,해피타워 북편,35.6932568,128.4587419,대구광역시 달성군청,053-668-2913
766,파스텔시티 북편,35.69324529,128.4596918,대구광역시 달성군청,053-668-2913
767,비슬타워 북편,35.69323315,128.4600981,대구광역시 달성군청,053-668-2913
768,테크노시티 북편,35.69323543,128.4605047,대구광역시 달성군청,053-668-2913
769,센트럴타워 북편,35.69323347,128.4615563,대구광역시 달성군청,053-668-2913
770,엠스퀘어플러스 서편,35.69346526,128.4622466,대구광역시 달성군청,053-668-2913
771,하빈 묘1리 마을회관 앞,35.90859908,128.4173355,대구광역시 달성군청,053-668-2913
772,현풍읍 행정복지센터 주차장,35.69725235,128.4475726,대구광역시 달성군청,053-668-2913
773,학우사 앞,35.69643706,128.4446236,대구광역시 달성군청,053-668-2913
774,현풍시외버스터미널 북편,35.69910822,128.4416137,대구광역시 달성군청,053-668-2913
775,현풍2교 앞,35.69631957,128.4487002,대구광역시 달성군청,053-668-2913
776,제일풍경채 앞 버스정류장,35.69319486,128.4540303,대구광역시 달성군청,053-668-2913
777,LH천년나무2단지 동편 버스정류장,35.69115275,128.4517927,대구광역시 달성군청,053-668-2913
778,테크노메디컬타워 서편,35.69261663,128.4547489,대구광역시 달성군청,053-668-2913
779,제일풍경채 맞은편 버스정류장,35.69296519,128.4554358,대구광역시 달성군청,053-668-2913
780,타임스퀘어 동편 버스정류장,35.69213767,128.4573915,대구광역시 달성군청,053-668-2913
781,테크노월드프라자 앞,35.69226496,128.4543183,대구광역시 달성군청,053-668-2913
782,테크노타워 앞,35.69141045,128.4537372,대구광역시 달성군청,053-668-2913
783,LH천년나무2단지 맞은편 버스정류장,35.68993974,128.4532869,대구광역시 달성군청,053-668-2913
784,테크노폴리스 상업지구 보행자도로,35.69078414,128.4545566,대구광역시 달성군청,053-668-2913
785,현풍파출소 앞,35.69580509,128.4453192,대구광역시 달성군청,053-668-2913
786,명곡우체국 맞은편,35.79786364,128.495859,대구광역시 달성군청,053-668-2913
787,남평문씨본리세거지 주차장 안,35.79161671,128.5175408,대구광역시 달성군청,053-668-2913
788,"설화명곡역 1,3,4,6번출구 앞",35.79936645,128.4900089,대구광역시 달성군청,053-668-2913
789,"화원역 3,4번출구 앞",35.80446969,128.5001213,대구광역시 달성군청,053-668-2913
790,화원읍 행정복지센터 앞,35.8042338,128.5007176,대구광역시 달성군청,053-668-2913
791,팔조령 정상,35.72075139,128.6773483,대구광역시 달성군청,053-668-2913
792,논공읍 행정복지센터 안,35.77426605,128.4200552,대구광역시 달성군청,053-668-2913
793,광장코아 앞,35.85610455,128.5520361,대구광역시 서구청,053-663-3015
794,롯데시네마대구광장,35.85552255,128.5505248,대구광역시 서구청,053-663-3015
795,롯데시네마대구광장,35.8556692,128.550857,대구광역시 서구청,053-663-3015
796,2호선 두류역 6번출구(웰메이드 앞),35.85652162,128.5530598,대구광역시 서구청,053-663-3015
797,2호선 두류역 6번출구 앞,35.85670134,128.553448,대구광역시 서구청,053-663-3015
798,달성고등학교 입구,35.85722243,128.5540919,대구광역시 서구청,053-663-3015
799,두류네거리(성수치과 앞),35.85835566,128.5580023,대구광역시 서구청,053-663-3015
800,내당동 홈플러스 앞,35.86022365,128.5639559,대구광역시 서구청,053-663-3015
801,2호선 내당역 4번출구 앞,35.86046839,128.5649709,대구광역시 서구청,053-663-3015
802,2호선 반고개역 1번출구 앞,35.86248097,128.5725881,대구광역시 서구청,053-663-3015
803,2호선 반고개역 4번출구 앞,35.86260748,128.5730777,대구광역시 서구청,053-663-3015
804,비산네거리 팜스식자재마트 앞,35.87180871,128.5714882,대구광역시 서구청,053-663-3015
805,북비산네거리 대구은행 앞,35.878702,128.570932,대구광역시 서구청,053-663-3015
806,북비산네거리 정다운부부한의원 앞,35.87973519,128.5719354,대구광역시 서구청,053-663-3015
807,북비산네거리 대원부동산 앞,35.88001142,128.5718301,대구광역시 서구청,053-663-3015
808,세종마트 앞,35.86732509,128.5703146,대구광역시 서구청,053-663-3015
809,세종마트 맞은편,35.86750212,128.5712481,대구광역시 서구청,053-663-3015
810,평산지구대 앞,35.87333823,128.5715018,대구광역시 서구청,053-663-3015
811,서대구농협 북비산지점 앞,35.88020106,128.571283,대구광역시 서구청,053-663-3015
812,북비산네거리 동화한의원 앞,35.88028918,128.5713498,대구광역시 서구청,053-663-3015
813,원대동주민센터,35.88518335,128.5734273,대구광역시 서구청,053-663-3015
814,달서천 자전거 만남의 광장 내,35.88221265,128.556248,대구광역시 서구청,053-663-3015
815,달서천자전거만남의광장,35.88221265,128.556248,대구광역시 서구청,053-663-3015
816,달서천로 공영주차장 입구,35.8835563,128.5606884,대구광역시 서구청,053-663-3015
817,서부공업고등학교 내,35.85729632,128.5483703,대구광역시 서구청,053-663-3015
818,상중이동주민센터앞,35.86696945,128.5461561,대구광역시 서구청,053-663-3015
819,서구 구민운동장 입구,35.87368582,128.5429567,대구광역시 서구청,053-663-3015
820,서구 문화회관 입구,35.87227516,128.5461374,대구광역시 서구청,053-663-3015
821,서남중학교 내,35.85730663,128.5419639,대구광역시 서구청,053-663-3015
822,평리6동주민센터,35.8782968,128.552098,대구광역시 서구청,053-663-3015
823,서구 청소년수련관 입구 네거리,35.8738537,128.5462815,대구광역시 서구청,053-663-3015
824,서구 청소년수련관 내,35.87364872,128.5457544,대구광역시 서구청,053-663-3015
825,평리1동주민센터,35.87565874,128.5631244,대구광역시 서구청,053-663-3015
826,서구 노인복지관 앞,35.87539898,128.5640424,대구광역시 서구청,053-663-3015
827,서구 국민체육센터 지하출입구,35.87329406,128.5408316,대구광역시 서구청,053-663-3015
828,서구 국민체육센터 주차장,35.87317602,128.5412528,대구광역시 서구청,053-663-3015
829,평산교회 옆 골목,35.87796711,128.5682853,대구광역시 서구청,053-663-3015
830,비산6동주민센터,35.87629809,128.5691202,대구광역시 서구청,053-663-3015
831,원평치안센터 앞,35.87944609,128.562324,대구광역시 서구청,053-663-3015
832,북비산네거리 새현약국 앞,35.87926431,128.5709046,대구광역시 서구청,053-663-3015
833,철로변녹지대,35.88067538,128.5507382,대구광역시 서구청,053-663-3015
834,철로변녹지대,35.88030347,128.5540639,대구광역시 서구청,053-663-3015
835,서대구중학교 앞,35.87926861,128.5567343,대구광역시 서구청,053-663-3015
836,서대구중학교 앞(렌트카 맞은편),35.87927408,128.5573545,대구광역시 서구청,053-663-3015
837,북부정류장 내,35.88456745,128.5551618,대구광역시 서구청,053-663-3015
838,북부정류장 출구,35.88516054,128.5568552,대구광역시 서구청,053-663-3015
839,2호선 두류역 20번출구 앞,35.85788612,128.5565984,대구광역시 서구청,053-663-3015
840,신한은행 비산동 지점 앞,35.88667479,128.5582192,대구광역시 서구청,053-663-3015
841,만평네거리 쌍용자동차대리점 앞,35.88916977,128.5609135,대구광역시 서구청,053-663-3015
842,2호선 두류역 19번출구 앞,35.85833771,128.5568673,대구광역시 서구청,053-663-3015
843,중평시장 입구(평리청구상가앞),35.86499693,128.5556719,대구광역시 서구청,053-663-3015
844,두류네거리(거너실 흑태찜 앞),35.85859531,128.5575034,대구광역시 서구청,053-663-3015
845,서대구우체국 앞,35.86681814,128.5553421,대구광역시 서구청,053-663-3015
846,평리5동주민센터,35.86930147,128.5477043,대구광역시 서구청,053-663-3015
847,감삼공원 북서쪽 입구,35.85861144,128.551382,대구광역시 서구청,053-663-3015
848,감삼공원 동편 입구,35.85806234,128.5534275,대구광역시 서구청,053-663-3015
849,내당노인복지관,35.85890764,128.5519966,대구광역시 서구청,053-663-3015
850,내당4동주민센터,35.8589864,128.551655,대구광역시 서구청,053-663-3015
851,대구시 통합복지회관 평리별관,35.8769099,128.5537734,대구광역시 서구청,053-663-3015
852,철로변녹지대,35.88247771,128.5609081,대구광역시 서구청,053-663-3015
853,서구자율방범연합회,35.88115694,128.5559187,대구광역시 서구청,053-663-3015
854,비산7동주민센터,35.88798571,128.553544,대구광역시 서구청,053-663-3015
855,원대오거리 동남편(대구은행맞은편),35.8873007,128.5762017,대구광역시 서구청,053-663-3015
856,서구제일사회복지관,35.88571565,128.5788722,대구광역시 서구청,053-663-3015
857,서구제일사회복지관,35.88574722,128.578887,대구광역시 서구청,053-663-3015
858,한일옥매트 앞,35.88111901,128.5803893,대구광역시 서구청,053-663-3015
859,SK텔레콤 앞,35.88442288,128.5812412,대구광역시 서구청,053-663-3015
860,금류아파트 상가 앞,35.88313176,128.5807449,대구광역시 서구청,053-663-3015
861,서구 원대제일공원 내,35.88358241,128.5769696,대구광역시 서구청,053-663-3015
862,상리자전거교통안전교육장 동편,35.86178905,128.5312848,대구광역시 서구청,053-663-3015
863,상리공원 내,35.86207487,128.530424,대구광역시 서구청,053-663-3015
864,상리자전거교통안전교육장,35.86176428,128.5311072,대구광역시 서구청,053-663-3015
865,큰장네거리(경북약국 앞),35.87003134,128.5791214,대구광역시 서구청,053-663-3015
866,황제지점 앞,35.86475687,128.5640948,대구광역시 서구청,053-663-3015
867,신평리시장 입구,35.86763042,128.5605435,대구광역시 서구청,053-663-3015
868,평리3동 철로변(정자옆),35.88162871,128.559582,대구광역시 서구청,053-663-3015
869,평리3동 철로변(정자옆),35.88113025,128.558238,대구광역시 서구청,053-663-3015
870,비산1동 방범초소 옆,35.88332991,128.5641499,대구광역시 서구청,053-663-3015
871,행복하이트빌 맞은편,35.8839566,128.5664531,대구광역시 서구청,053-663-3015
872,3호선 만평역,35.8896278,128.5612062,대구광역시 서구청,053-663-3015
873,3호선 만평역 자전거 주차장,35.88950299,128.5612758,대구광역시 서구청,053-663-3015
874,현내과연합의원 앞,35.88870629,128.5670934,대구광역시 서구청,053-663-3015
875,채흉부외과의원 앞,35.88871342,128.5672375,대구광역시 서구청,053-663-3015
876,채흉부외과의원 앞,35.88878637,128.5672583,대구광역시 서구청,053-663-3015
877,비산5동 새마을금고 앞,35.888718,128.5677498,대구광역시 서구청,053-663-3015
878,팔달시장 맞은편,35.88848973,128.5690133,대구광역시 서구청,053-663-3015
879,자운성앞,35.89273221,128.5526954,대구광역시 서구청,053-663-3015
880,금성스파빌 앞,35.88786425,128.5711908,대구광역시 서구청,053-663-3015
881,동덕한의원 앞,35.88777489,128.5737139,대구광역시 서구청,053-663-3015
882,원대오거리 대구은행 앞,35.88750712,128.5753212,대구광역시 서구청,053-663-3015
883,원대오거리 대구은행 앞,35.88748035,128.5753013,대구광역시 서구청,053-663-3015
884,중리공원 내,35.86274995,128.5496388,대구광역시 서구청,053-663-3015
885,경운초등학교 내,35.86138506,128.5536224,대구광역시 서구청,053-663-3015
886,서구노인복지관,35.875554,128.564067,대구광역시 서구청,053-663-3015
887,SK텔레콤 앞,35.88391859,128.5810429,대구광역시 서구청,053-663-3015
888,봉산육거리 남서편 삼희빌딩 앞,35.8636168,128.5989748,대구광역시 중구청,053-661-2984
889,봉산육거리 북서편 다산문화사 앞,35.8643914,128.5990847,대구광역시 중구청,053-661-2984
890,봉산육거리 서편 리바트 앞,35.8648536,128.5985688,대구광역시 중구청,053-661-2984
891,대우빌딩(태평로 160번지) 동편,35.8746989,128.5952675,대구광역시 중구청,053-661-2984
892,"제일은행 서편
(스탠다드치타드 은행)",35.8725543,128.5960709,대구광역시 중구청,053-661-2984
893,계산오거리 동편 ABL대구타워 앞,35.8659407,128.5886955,대구광역시 중구청,053-661-2984
894,2.28 기념공원 북서편,35.8695559,128.5976486,대구광역시 중구청,053-661-2984
895,대우빌딩 서편 조형물 앞,35.874714,128.59489,대구광역시 중구청,053-661-2984
896,중앙네거리 북서편 대구은행 앞,35.8712091,128.5937885,대구광역시 중구청,053-661-2984
897,중앙네거리 남서편 아웃백 앞,35.8707396,128.5937706,대구광역시 중구청,053-661-2984
898,삼성생명빌딩 앞,35.8663342,128.5928153,대구광역시 중구청,053-661-2984
899,롯데영프라자 앞,35.871335,128.5947617,대구광역시 중구청,053-661-2984
900,대신동 주민센터,35.866139,128.5771777,대구광역시 중구청,053-661-2984
901,성내1동주민센터앞,35.8692709,128.5980362,대구광역시 중구청,053-661-2984
902,서문시장 농협 앞,35.869789,128.5796768,대구광역시 중구청,053-661-2984
903,동부교회 앞,35.862779,128.6066096,대구광역시 중구청,053-661-2984
904,남부교회앞,35.85955,128.5924305,대구광역시 중구청,053-661-2984
905,남산4동 주민센터,35.8582424,128.5805671,대구광역시 중구청,053-661-2984
906,반월당네거리 푸른약국앞,35.8663524,128.5936858,대구광역시 중구청,053-661-2984
907,남산지구대 측면,35.8660412,128.5876753,대구광역시 중구청,053-661-2984
908,신천둔치 동신교 하부,35.8672253,128.6127604,대구광역시 중구청,053-661-2984
909,비원지구대 앞,35.8835378,128.5754765,대구광역시 서구청,053-663-3015
910,서구청사 내 동편,35.87176533,128.5596073,대구광역시 서구청,053-663-3015
911,서구청사 뒤 보건소 앞,35.87218812,128.5594911,대구광역시 서구청,053-663-3015
912,서구의회 입구,35.87199999,128.5596659,대구광역시 서구청,053-663-3015
913,서구청 앞 육교 남동편(유한약국앞),35.87126224,128.5601815,대구광역시 서구청,053-663-3015
914,서구청 앞 육교 밑(CU편의점)앞,35.87163794,128.5602221,대구광역시 서구청,053-663-3015
915,평리새마을금고 앞,35.87173564,128.564315,대구광역시 서구청,053-663-3015
916,합격 독서실 앞,35.87227133,128.5650452,대구광역시 서구청,053-663-3015
917,비산네거리 다이소 앞,35.87193825,128.5705413,대구광역시 서구청,053-663-3015
918,비산네거리 다이소 앞,35.87193832,128.5705358,대구광역시 서구청,053-663-3015
919,제일고등학교 앞 서신육교 밑,35.87195903,128.5732571,대구광역시 서구청,053-663-3015
920,남일동 우리은행,35.8702594,128.5942797,대구광역시 중구청,053-661-2984
921,남산1동 주민센터 앞,35.8593505,128.5904825,대구광역시 중구청,053-661-2984
922,반월당 삼정그린코아 서편,35.8636339,128.5924309,대구광역시 중구청,053-661-2984
923,계산동2가 신성미소시티아파트 동편,35.8668491,128.5885438,대구광역시 중구청,053-661-2984
924,신천둔치 수성교 하부,35.8617991,128.6077072,대구광역시 중구청,053-661-2984
925,대신동 새마을금고앞,35.8681927,128.5795002,대구광역시 중구청,053-661-2984
926,국채보상공원 동편,35.8679955,128.6031004,대구광역시 중구청,053-661-2984
927,국채보상공원 기념관 앞,35.8689974,128.6017305,대구광역시 중구청,053-661-2984
928,동인치안센터 앞,35.8689974,128.6017305,대구광역시 중구청,053-661-2984
929,국채보상로 630번지(에스닷 옆),35.8706228,128.60454,대구광역시 중구청,053-661-2984
930,라파엘병원앞,35.8699591,128.5993835,대구광역시 중구청,053-661-2984
931,봉산문화회관,35.8604345,128.5918815,대구광역시 중구청,053-661-2984
932,곽병원 앞,35.8707148,128.5887352,대구광역시 중구청,053-661-2984
933,요셉의 집 앞,35.8736113,128.6004597,대구광역시 중구청,053-661-2984
934,"중앙파출소 북편
(스타S피부과 앞)",35.8673661,128.5937487,대구광역시 중구청,053-661-2984
935,중앙로역 2번출구앞,35.8699789,128.5943108,대구광역시 중구청,053-661-2984
936,국민은행 대구점 앞,35.8688351,128.593412,대구광역시 중구청,053-661-2984
937,"현대캐피탈 빌딩 앞
국민은행 대구점 건너",35.8685428,128.5940111,대구광역시 중구청,053-661-2984
938,남산2동 주민센터,35.864077,128.5895742,대구광역시 중구청,053-661-2984
939,동인초등학교 앞,35.8676155,128.609809,대구광역시 중구청,053-661-2984
940,농협은행 내당동지점,35.8597456,128.5757528,대구광역시 중구청,053-661-2984
941,북성로 입구,35.8743709,128.5945242,대구광역시 중구청,053-661-2984
942,동아약국앞(향촌문화관 건너),35.8733164,128.5946901,대구광역시 중구청,053-661-2984
943,중앙로역 3번출구앞,35.8720151,128.5944612,대구광역시 중구청,053-661-2984
944,남성로 입구(중앙파출소건너),35.8670182,128.5933697,대구광역시 중구청,053-661-2984
945,삼덕네거리 파이론빌딩 앞,35.8626899,128.602645,대구광역시 중구청,053-661-2984
946,중구청 민원실(이설),35.8692838,128.6060779,대구광역시 중구청,053-661-2984
947,노마즈하우스 동편,35.8735305,128.6011047,대구광역시 중구청,053-661-2984
948,향촌문화관,35.8733774,128.5941989,대구광역시 중구청,053-661-2984
949,센트럴빌딩 앞(중파 북쪽),35.8677672,128.5939234,대구광역시 중구청,053-661-2984
950,중앙지하상가 9번 출입구(올리브영),35.871335,128.5947617,대구광역시 중구청,053-661-2984
951,중앙지하상가 16번 출입구,35.8704973,128.5953778,대구광역시 중구청,053-661-2984
952,하나은행 대구기업금융센터 앞,35.8717551,128.5938302,대구광역시 중구청,053-661-2984
953,삼덕동 주민센터 앞,35.8655468,128.6089583,대구광역시 중구청,053-661-2984
954,성내2동주민센터 앞,35.868383,128.5904122,대구광역시 중구청,053-661-2984
955,중구청 주차장 옆(중구청),35.8692838,128.6060779,대구광역시 중구청,053-661-2984
956,3호선 달성공원역,35.8755519,128.5821397,대구광역시 중구청,053-661-2984
957,3호선 서문시장역,35.8703357,128.5820085,대구광역시 중구청,053-661-2984
958,3호선 청라언덕역,35.8566302,128.5836765,대구광역시 중구청,053-661-2984
959,3호선 남산역,35.8572609,128.5900131,대구광역시 중구청,053-661-2984
960,3호선 건들바위역,35.8556522,128.5992736,대구광역시 중구청,053-661-2984
961,경상여중 내,35.87144771,128.5729065,대구광역시 서구청,053-663-3015
962,제일고등학교 맞은편 서신육교 밑,35.87225144,128.5733777,대구광역시 서구청,053-663-3015
963,중리롯데캐슬 상가 앞,35.8665015,128.5495984,대구광역시 서구청,053-663-3015
964,경덕여자고등학교 내,35.86421929,128.5487292,대구광역시 서구청,053-663-3015
965,중리중학교 좌남편 벽면,35.8647216,128.5503055,대구광역시 서구청,053-663-3015
966,평리4동주민센터,35.86724125,128.5568533,대구광역시 서구청,053-663-3015
967,서부도서관 동편,35.87257196,128.5580371,대구광역시 서구청,053-663-3015
968,서부고등학교 내,35.87375955,128.5600077,대구광역시 서구청,053-663-3015
969,평리중학교 내,35.87339673,128.5607963,대구광역시 서구청,053-663-3015
970,평리2동주민센터,35.87121902,128.5636779,대구광역시 서구청,053-663-3015
971,비산4동주민센터,35.86976715,128.5742766,대구광역시 서구청,053-663-3015
972,비산2.3동주민센터,35.87587668,128.5747241,대구광역시 서구청,053-663-3015
973,대구경북양돈농협 앞,35.85486955,128.5487521,대구광역시 서구청,053-663-3015
974,남산역화성파크드림 101동 앞,35.85852,128.582556,대구광역시 중구청,053-661-2984
975,경북공고 정문 앞,35.8580633,128.583863,대구광역시 중구청,053-661-2984
976,달성공원 앞,35.8730153,128.5797779,대구광역시 중구청,053-661-2984
977,"명덕역 1,2번 출입구",35.8573581,128.5902175,대구광역시 중구청,053-661-2984
978,명덕역 6번 출입구,35.8574594,128.5912546,대구광역시 중구청,053-661-2984
979,반월당역 1번 출입구 북편,35.8636339,128.5924309,대구광역시 중구청,053-661-2984
980,반월당역 2번 출입구 남편,35.8636204,128.5935248,대구광역시 중구청,053-661-2984
981,종각네거리 북서편(MS저축은행 앞),35.8697726,128.6036919,대구광역시 중구청,053-661-2984
982,3호선 대봉교역,35.8552323,128.6057163,대구광역시 중구청,053-661-2984
983,"반월당역 12번출입구 동편
(에필성형외과 앞)",35.865531,128.594063,대구광역시 중구청,053-661-2984
984,롯데영플라자 서편,35.871335,128.5947617,대구광역시 중구청,053-661-2984
985,공평네거리 남동편(스타벅스 앞),35.8695386,128.6007534,대구광역시 중구청,053-661-2984
986,대봉1동주민센터,35.861638,128.604369,대구광역시 중구청,053-661-2984
987,"중앙지하상가 2번출구
(윤정우안과의원 앞)",35.870744,128.592737,대구광역시 중구청,053-661-2984
988,롯데시네마 프리미엄 만경 앞,35.870574,128.590613,대구광역시 중구청,053-661-2984
989,성내3동 주민센터,35.87263,128.585683,대구광역시 중구청,053-661-2984
990,MS재건병원 앞,35.872002,128.604506,대구광역시 중구청,053-661-2984
991,봉산가구거리 한일서적 앞,35.861029,128.599153,대구광역시 중구청,053-661-2984
992,김광석 거리 공원 내,35.859461,128.606452,대구광역시 중구청,053-661-2984
993,대봉한의원 앞,35.856242,128.597147,대구광역시 중구청,053-661-2984
994,이가네 연탄석쇠불고기 앞,35.870422,128.590355,대구광역시 중구청,053-661-2984
995,동아쇼핑 앞,35.86598,128.591872,대구광역시 중구청,053-661-2984
996,쌈지쉼터,35.864468,128.610268,대구광역시 중구청,053-661-2984
997,청라언덕역 1번 출입구 서편,35.864923,128.581923,대구광역시 중구청,053-661-2984
998,시청주차장,35.870932,128.601783,대구광역시 중구청,053-661-2984
999,남산초등학교 북편,35.863687,128.582694,대구광역시 중구청,053-661-2984
1000,남산초등학교 남편,35.861819,128.582643,대구광역시 중구청,053-661-2984
1001,청라언덕역 7번 출입구,35.864244,128.582475,대구광역시 중구청,053-661-2984
1002,경대병원역 4번 출입구 동편,35.8634825,128.6034803,대구광역시 중구청,053-661-2984
1003,경대병원역 1번 출입구 서편,35.8636504,128.6017997,대구광역시 중구청,053-661-2984
1004,반월당네거리 북동편 덕산빌딩 앞,35.8657781,128.594089,대구광역시 중구청,053-661-2984
1005,신남네거리 북동편 유료주차장 앞,35.8654762,128.5834003,대구광역시 중구청,053-661-2984
1006,"신남역 2번 출입구 서편
(보강한의원 앞)",35.8643761,128.5818287,대구광역시 중구청,053-661-2984
1007,"신남역 3번 출입구 북편
(with me 매장 앞)",35.8644497,128.5820862,대구광역시 중구청,053-661-2984
1008,반월당네거리 남동편 하나은행 앞,35.8650314,128.5941709,대구광역시 중구청,053-661-2984
1009,경대병원역 2번 출입구 동편,35.8627456,128.6014263,대구광역시 중구청,053-661-2984
1010,경대병원역 3번 출입구,35.8626491,128.6032293,대구광역시 중구청,053-661-2984
1011,동산네거리 북서편 대구은행 앞,35.8708227,128.5819489,대구광역시 중구청,053-661-2984
1012,계명네거리 서편 대구은행 앞,35.8569053,128.5821605,대구광역시 중구청,053-661-2984
1013,경상감영공원 남편 인도변,35.8717444,128.5916198,대구광역시 중구청,053-661-2984
1014,씨네시티한일 앞,35.8704973,128.5953778,대구광역시 중구청,053-661-2984
1015,봉산동 중구 청소년 문화의 집 앞,35.8619317,128.5979877,대구광역시 중구청,053-661-2984
1016,남산4동 그린맨션 105동 앞,35.8622582,128.5773123,대구광역시 중구청,053-661-2984
1017,"반월당네거리 서편 
동양생명빌딩 앞",35.8653598,128.5920895,대구광역시 중구청,053-661-2984
1018,"반월당네거리 남서편 
반월휴연합의원 앞",35.8650968,128.5927951,대구광역시 중구청,053-661-2984
1019,교보빌딩 앞,35.870591,128.5948392,대구광역시 중구청,053-661-2984
1020,제한한의원 앞,35.8646061,128.596874,대구광역시 중구청,053-661-2984
1021,동인 느티나무 도서관 앞,35.8713258,128.607224,대구광역시 중구청,053-661-2984
1022,동인동 주민센터 앞,35.8679316,128.609157,대구광역시 중구청,053-661-2984
1023,애견갤러리 앞,35.8651459,128.59725,대구광역시 중구청,053-661-2984
1024,대봉2동 주민센터 앞,35.8581536,128.5997619,대구광역시 중구청,053-661-2984
1025,대우빌딩 북편(태평로 160번지),35.8746989,128.5952675,대구광역시 중구청,053-661-2984
1026,공평네거리 남서편 sk대리점앞,35.8698527,128.5999342,대구광역시 중구청,053-661-2984
1027,봉산육거리 남동편 종로서점 앞,35.8634405,128.5999744,대구광역시 중구청,053-661-2984
1028,중앙초등학교 입구,35.8233583,128.7315125,경상북도 경산시청,053-810-6128
1029,경북약국 앞,35.823089,128.735681,경상북도 경산시청,053-810-6128
1030,랜드로바 앞,35.8219703,128.7333314,경상북도 경산시청,053-810-6128
1031,김정문알로에 및 빈폴 앞,35.8222234,128.7344078,경상북도 경산시청,053-810-6128
1032,중방네거리 버스승강장 옆,35.8301083,128.7356625,경상북도 경산시청,053-810-6128
1033,중방동 871번지(와일드로즈앞),35.830578,128.735382,경상북도 경산시청,053-810-6128
1034,아놀드바시니 앞,35.8228552,128.7343563,경상북도 경산시청,053-810-6128
1035,시청1,35.825091,128.741201,경상북도 경산시청,053-810-6128
1036,시청2,35.825091,128.741201,경상북도 경산시청,053-810-6128
1037,시청3,35.825091,128.741201,경상북도 경산시청,053-810-6128
1038,시청4,35.825091,128.741201,경상북도 경산시청,053-810-6128
1039,시청5,35.825091,128.741201,경상북도 경산시청,053-810-6128
1040,하양읍 금락리 237-6(대가대 승강장 옆2),35.906798,128.8107017,경상북도 경산시청,053-810-6128
1041,남천면 신석리 258-4,35.7764381,128.7213212,경상북도 경산시청,053-810-6128
1042,사정동 86-7(성암생활체육관),35.81750416,128.7275071,경상북도 경산시청,053-810-6128
1043,옥곡동 88-1(공영주차장),35.81458439,128.7281408,경상북도 경산시청,053-810-6128
1044,지하철임당역1번 출구 앞,35.8342393,128.7406392,경상북도 경산시청,053-810-6128
1045,지하철임당역2번 출구 앞,35.8339558,128.7406392,경상북도 경산시청,053-810-6128
1046,지하철임당역4번 출구 앞,35.8337671,128.7413265,경상북도 경산시청,053-810-6128
1047,지하철임당역5번 출구 앞,35.833967,128.741689,경상북도 경산시청,053-810-6128
1048,지하철임당역6번 출구 앞,35.834251,128.741639,경상북도 경산시청,053-810-6128
1049,대림e편한세상 앞,35.831601,128.7386139,경상북도 경산시청,053-810-6128
1050,지하철 임당역3번출구 앞,35.8337749,128.7409939,경상북도 경산시청,053-810-6128
1051,지하철 임당역2번 출구 앞,35.8339558,128.7406392,경상북도 경산시청,053-810-6128
1052,경산시장내 주차타워 앞,35.820248,128.736301,경상북도 경산시청,053-810-6128
1053,현대밀레몰 앞,35.8254939,128.7310536,경상북도 경산시청,053-810-6128
1054,임당환승주차장,35.8352287,128.7415418,경상북도 경산시청,053-810-6128
1055,동서리 831번지 버스승강장,35.910135,128.8250067,경상북도 경산시청,053-810-6128
1056,대학리 86번지 진성식품 맞은편,35.931876,128.828512,경상북도 경산시청,053-810-6128
1057,대조리885-4 도로변 버스승강장 옆,35.8873901,128.7931093,경상북도 경산시청,053-810-6128
1058,대구가톨릭대학교 앞,35.912174,128.807588,경상북도 경산시청,053-810-6128
1059,하양시외버스터미널맞은편 승강장,35.9089367,128.8136413,경상북도 경산시청,053-810-6128
1060,하양역승강장(하양고시원 옆),35.910405,128.815551,경상북도 경산시청,053-810-6128
1061,대구은행하양지점,35.913415,128.821238,경상북도 경산시청,053-810-6128
1062,남하2리 승강장 옆,35.890849,128.777601,경상북도 경산시청,053-810-6128
1063,하양읍사무소 내,35.9123593,128.8123915,경상북도 경산시청,053-810-6128
1064,하양읍사무소 뒤,35.9123593,128.8123915,경상북도 경산시청,053-810-6128
1065,금락리133-43(하양역광장 내),35.9099795,128.8185005,경상북도 경산시청,053-810-6128
1066,환상리 410-1(환상2리새마을회관 내),35.8803582,128.7859002,경상북도 경산시청,053-810-6128
1067,동서리555-2(한국전력앞 승강장 옆),35.9167652,128.8230945,경상북도 경산시청,053-810-6128
1068,하양읍 금락리400(금락에브리데이승강장 옆),35.9104269,128.8231918,경상북도 경산시청,053-810-6128
1069,하양읍 금락리 237-3(대가대 승강장  옆),35.906798,128.8107017,경상북도 경산시청,053-810-6128
1070,진량읍사무소 내,35.8739904,128.8162125,경상북도 경산시청,053-810-6128
1071,부호리 208번지 육교 밑,35.8997013,128.8015381,경상북도 경산시청,053-810-6128
1072,진량읍사무소 앞 버스승강장,35.8746166,128.8169509,경상북도 경산시청,053-810-6128
1073,선화리 712-8(버스승강장 옆),35.8753771,128.8008211,경상북도 경산시청,053-810-6128
1074,상림리 281(마을회관 내),35.9023035,128.8331896,경상북도 경산시청,053-810-6128
1075,평사리 894-6(마을회관 내),35.8869134,128.8600653,경상북도 경산시청,053-810-6128
1076,현내리 543(마을회관 내),35.8501774,128.8573803,경상북도 경산시청,053-810-6128
1077,내리리 5번지(대구대 종점 앞),35.8970173,128.8514543,경상북도 경산시청,053-810-6128
1078,계당초교입구 버스승강장,35.9280608,128.8516567,경상북도 경산시청,053-810-6128
1079,와촌면사무소 내,35.9462951,128.8365091,경상북도 경산시청,053-810-6128
1080,동강리116 도로변버스승강장 옆,35.9523717,128.835353,경상북도 경산시청,053-810-6128
1081,계당리 685-1,35.926114,128.8520013,경상북도 경산시청,053-810-6128
1082,자인면사무소 내,35.820858,128.822601,경상북도 경산시청,053-810-6128
1083,계남1리 마을입구,35.8151917,128.809901,경상북도 경산시청,053-810-6128
1084,자인면 공설시장,35.816951,128.823361,경상북도 경산시청,053-810-6128
1085,부적리 압량면사무소 버스정류장 옆,35.8431735,128.760183,경상북도 경산시청,053-810-6128
1086,압독체육공원 내,35.852318,128.763995,경상북도 경산시청,053-810-6128
1087,부적리584-1 도로변 승강장 옆,35.8408239,128.7622969,경상북도 경산시청,053-810-6128
1088,당리리30-5(버스정류장),35.8124461,128.7985923,경상북도 경산시청,053-810-6128
1089,금구리 사이판 온천 입구사거리(금구리 367-7),35.8537019,128.7671435,경상북도 경산시청,053-810-6128
1090,용암리 영남종합정비 앞(용암리222-1),35.852803,128.7671602,경상북도 경산시청,053-810-6128
1091,부적리 부적주공 버스정류장 옆(부적리781),35.8459239,128.7616964,경상북도 경산시청,053-810-6128
1092,부적리 압량공설시장 내(부적리461-1),35.8439703,128.7604827,경상북도 경산시청,053-810-6128
1093,부적리 485-2(75번 종점 앞),35.8399408,128.7580715,경상북도 경산시청,053-810-6128
1094,인안리(윤성3차 아파트입구 버스승강장 앞),35.8655297,128.7894054,경상북도 경산시청,053-810-6128
1095,남천면사무소 내,35.766667,128.726851,경상북도 경산시청,053-810-6128
1096,협석리 버스승강장445-2,35.7888993,128.731797,경상북도 경산시청,053-810-6128
1097,삼성2리 버스승강장34-3,35.762008,128.724425,경상북도 경산시청,053-810-6128
1098,금곡삼거리 버스승강장32-3,35.7605695,128.7401788,경상북도 경산시청,053-810-6128
1099,흥산1리 버스승강장,35.752242,128.737338,경상북도 경산시청,053-810-6128
1100,원리 버스승강장6-4,35.7393017,128.736134,경상북도 경산시청,053-810-6128
1101,남천면 대명2리 입구,35.776467,128.721092,경상북도 경산시청,053-810-6128
1102,남천면 신석리 229-5,35.7834468,128.7212513,경상북도 경산시청,053-810-6128
1103,용성면 당리리 206-21,35.7932155,128.8771972,경상북도 경산시청,053-810-6128
1104,용성면 고은리86-4,35.794599,128.8659142,경상북도 경산시청,053-810-6128
1105,경산시장 맞은편(베스킨라빈스),35.823182,128.735209,경상북도 경산시청,053-810-6128
1106,경산시외버스터미널,35.824958,128.737501,경상북도 경산시청,053-810-6128
1107,경산농협 앞,35.823358,128.736388,경상북도 경산시청,053-810-6128
1108,대구은행 앞,35.831926,128.737737,경상북도 경산시청,053-810-6128
1109,중앙동주민센터 내,35.820001,128.740038,경상북도 경산시청,053-810-6128
1110,삼북주공아파트 관리사무소 앞,35.8179323,128.7413222,경상북도 경산시청,053-810-6128
1111,삼북경로당 앞,35.8197653,128.7377496,경상북도 경산시청,053-810-6128
1112,중앙경로당 앞,35.826294,128.7395395,경상북도 경산시청,053-810-6128
1113,초원아파트 주차장,35.829908,128.738137,경상북도 경산시청,053-810-6128
1114,중앙빌라 앞,35.819783,128.736525,경상북도 경산시청,053-810-6128
1115,삼북주공아파트 옆,35.8179323,128.7413222,경상북도 경산시청,053-810-6128
1116,삼북동 동아약국 앞,35.818537,128.738067,경상북도 경산시청,053-810-6128
1117,오거리 현대자동차 앞,35.8216907,128.7374753,경상북도 경산시청,053-810-6128
1118,경산캠퍼스정철어학원 앞,35.913553,128.819697,경상북도 경산시청,053-810-6128
1119,시장입구 궁전사진관 옆,35.822905,128.735262,경상북도 경산시청,053-810-6128
1120,한국전력 앞(880-17),35.8235583,128.7386375,경상북도 경산시청,053-810-6128
1121,동부동주민센터 내,35.819358,128.754212,경상북도 경산시청,053-810-6128
1122,태왕드림하이츠 버스승강장,35.8225594,128.7529007,경상북도 경산시청,053-810-6128
1123,경산실내체육관 동문,35.8209967,128.7438406,경상북도 경산시청,053-810-6128
1124,계양동 감초당사거리 GS25앞,35.8178728,128.7522055,경상북도 경산시청,053-810-6128
1125,사동 경산우체국 옆,35.816358,128.759138,경상북도 경산시청,053-810-6128
1126,서부1동주민센터 내,35.8205779,128.7278782,경상북도 경산시청,053-810-6128
1127,경산로 44길2(옥산2지구 (구)한빛부동산) 앞,35.8269741,128.7256736,경상북도 경산시청,053-810-6128
1128,옥산2지구근린공원지하주차장 입구,35.8273687,128.7273277,경상북도 경산시청,053-810-6128
1129,옥곡초등학교 앞,35.8153519,128.732396,경상북도 경산시청,053-810-6128
1130,경산역 광장,35.8192496,128.7277131,경상북도 경산시청,053-810-6128
1131,국민건강보험공단 경산지사 앞,35.820551,128.729551,경상북도 경산시청,053-810-6128
1132,장산중학교,35.818925,128.730151,경상북도 경산시청,053-810-6128
1133,사정동 84-1(경산역 광장내),35.8199085,128.7277265,경상북도 경산시청,053-810-6128
1134,사정동 84-10(경산역 후문앞),35.8197041,128.7272825,경상북도 경산시청,053-810-6128
1135,옥산동 848(서부1동 복지회관),35.8230371,128.7204816,경상북도 경산시청,053-810-6128
1136,중산동 녹지대 앞,35.831301,128.720701,경상북도 경산시청,053-810-6128
1137,정평 우방1차상가 앞,35.833404,128.7300125,경상북도 경산시청,053-810-6128
1138,정평 우방1차상가 버스승강장,35.8338276,128.729296,경상북도 경산시청,053-810-6128
1139,정평 현대타운 상가,35.8355171,128.7284827,경상북도 경산시청,053-810-6128
1140,정평 현대타운 입구,35.8350231,128.727615,경상북도 경산시청,053-810-6128
1141,지하철정평역3번 출구,35.833825,128.7284446,경상북도 경산시청,053-810-6128
1142,지하철정평역4번출구,35.834251,128.728639,경상북도 경산시청,053-810-6128
1143,정평역 3번 출구 앞,35.833825,128.7284446,경상북도 경산시청,053-810-6128
1144,정평역 1번 출구 앞,35.8343903,128.7277364,경상북도 경산시청,053-810-6128
1145,정평역 4번 출구 앞,35.834251,128.728639,경상북도 경산시청,053-810-6128
1146,서상동 143-8번지 여성회관 앞,35.8187484,128.7340303,경상북도 경산시청,053-810-6128
1147,실내체육관 2직문,35.8212164,128.7438144,경상북도 경산시청,053-810-6128
1148,경산초등학교 옆,35.8153038,128.7396148,경상북도 경산시청,053-810-6128
1149,삼성현중학교 뒤 공원,35.8012354,128.7403176,경상북도 경산시청,053-810-6128
1150,백천동 파리바게뜨,35.804086,128.738979,경상북도 경산시청,053-810-6128
1151,백천동574-6 대구경북능금농협백천점 앞,35.8036087,128.7386675,경상북도 경산시청,053-810-6128
1152,삼남동114번지 삼남경로당 내,35.8156958,128.7378494,경상북도 경산시청,053-810-6128
1153,백천동 577-1동화리버빌 앞,35.8030088,128.7369801,경상북도 경산시청,053-810-6128
1154,신교동 73-1 남부동사무소,35.8136554,128.7391272,경상북도 경산시청,053-810-6128
1155,서상동 10(경산시장공설시장 사무실 내),35.8205218,128.7354816,경상북도 경산시청,053-810-6128
1156,삼남동 42-3(회나무 공원),35.8112318,128.8268524,경상북도 경산시청,053-810-6128
1157,경산네거리 반야월 방향,35.8340904,128.7346625,경상북도 경산시청,053-810-6128
1158,씨너스영화관 버스승강장1,35.8344681,128.7333565,경상북도 경산시청,053-810-6128
1159,씨너스영화관 버스승강장2,35.8344681,128.7333565,경상북도 경산시청,053-810-6128
1160,영남대복지관 앞,35.8310768,128.7530585,경상북도 경산시청,053-810-6128
1161,영남대복지관 맞은편,35.8310768,128.7530585,경상북도 경산시청,053-810-6128
1162,영남대복지관 맞은편(추가),35.8310768,128.7530585,경상북도 경산시청,053-810-6128
1163,"지하철영대역 1,2번 출구 앞",35.836398,128.7526538,경상북도 경산시청,053-810-6128
1164,"지하철 영대역 3,4번 출구 앞",35.835975,128.753589,경상북도 경산시청,053-810-6128
1165,"지하철 영대역 5,6번 출구 앞",35.8403849,128.7516545,경상북도 경산시청,053-810-6128
1166,"지하철 영대역 7,8번 출구 앞",35.8403849,128.7516545,경상북도 경산시청,053-810-6128
1167,조영동 310-2(구 경산소방서 맞은편),35.8387022,128.7560439,경상북도 경산시청,053-810-6128
1168,계양동 61-4(북부동주민센터),35.833341,128.746563,경상북도 경산시청,053-810-6128
1169,대동 174-1,35.8364334,128.7534967,경상북도 경산시청,053-810-6128
1170,중방동 주민센터 내,35.827058,128.733925,경상북도 경산시청,053-810-6128
1171,중방1동 마을회관,35.825867,128.733475,경상북도 경산시청,053-810-6128
1172,수정약국 앞,35.822861,128.734512,경상북도 경산시청,053-810-6128
1173,국민은행 앞,35.825867,128.736437,경상북도 경산시청,053-810-6128
1174,농협중앙회 중방점 앞,35.821183,128.731801,경상북도 경산시청,053-810-6128
1175,KT&G 앞,35.822365,128.733463,경상북도 경산시청,053-810-6128
1176,대가야문화누리,35.723473,128.2637,여성청소년과,054-950-7012
1177,대가야박물관,35.722431,128.2568,대가야박물관,054-950-7106
